question_url, question_created, answer_url, answer_creator, answer_created
https://support.mozilla.org/questions/1280362,2020-02-20 15:20:32 -0800,https://support.mozilla.org/questions/1280362#answer-1292124,cor-el,2020-02-20 15:46:50 -0800
https://support.mozilla.org/questions/1280361,2020-02-20 14:39:33 -0800,https://support.mozilla.org/questions/1280361#answer-1292195,fredmcd-hotmail,2020-02-20 21:16:59 -0800
https://support.mozilla.org/questions/1280361,2020-02-20 14:39:33 -0800,https://support.mozilla.org/questions/1280361#answer-1292146,jscher2000,2020-02-20 17:21:47 -0800
https://support.mozilla.org/questions/1280361,2020-02-20 14:39:33 -0800,https://support.mozilla.org/questions/1280361#answer-1292126,cor-el,2020-02-20 15:48:02 -0800
https://support.mozilla.org/questions/1280355,2020-02-20 13:21:32 -0800,https://support.mozilla.org/questions/1280355#answer-1292084,cor-el,2020-02-20 13:34:13 -0800
https://support.mozilla.org/questions/1280354,2020-02-20 13:16:00 -0800,https://support.mozilla.org/questions/1280354#answer-1292086,cor-el,2020-02-20 13:35:06 -0800
https://support.mozilla.org/questions/1280352,2020-02-20 13:02:37 -0800,https://support.mozilla.org/questions/1280352#answer-1292191,cor-el,2020-02-20 20:07:48 -0800
https://support.mozilla.org/questions/1280352,2020-02-20 13:02:37 -0800,https://support.mozilla.org/questions/1280352#answer-1292186,fredmcd-hotmail,2020-02-20 19:46:31 -0800
https://support.mozilla.org/questions/1280352,2020-02-20 13:02:37 -0800,https://support.mozilla.org/questions/1280352#answer-1292149,fredmcd-hotmail,2020-02-20 17:24:04 -0800
https://support.mozilla.org/questions/1280349,2020-02-20 12:18:41 -0800,https://support.mozilla.org/questions/1280349#answer-1292083,cor-el,2020-02-20 13:31:26 -0800
https://support.mozilla.org/questions/1280349,2020-02-20 12:18:41 -0800,https://support.mozilla.org/questions/1280349#answer-1292077,the-edmeister,2020-02-20 13:21:45 -0800
https://support.mozilla.org/questions/1280347,2020-02-20 11:39:02 -0800,https://support.mozilla.org/questions/1280347#answer-1292038,jscher2000,2020-02-20 11:54:47 -0800
https://support.mozilla.org/questions/1280347,2020-02-20 11:39:02 -0800,https://support.mozilla.org/questions/1280347#answer-1292033,cor-el,2020-02-20 11:49:22 -0800
https://support.mozilla.org/questions/1280347,2020-02-20 11:39:02 -0800,https://support.mozilla.org/questions/1280347#answer-1292028,evhenry,2020-02-20 11:42:29 -0800
https://support.mozilla.org/questions/1280346,2020-02-20 11:36:11 -0800,https://support.mozilla.org/questions/1280346#answer-1292055,cor-el,2020-02-20 12:30:02 -0800
https://support.mozilla.org/questions/1280346,2020-02-20 11:36:11 -0800,https://support.mozilla.org/questions/1280346#answer-1292025,jscher2000,2020-02-20 11:39:18 -0800
https://support.mozilla.org/questions/1280344,2020-02-20 11:12:11 -0800,https://support.mozilla.org/questions/1280344#answer-1292016,evhenry,2020-02-20 11:30:41 -0800
https://support.mozilla.org/questions/1280341,2020-02-20 10:44:50 -0800,https://support.mozilla.org/questions/1280341#answer-1292114,cor-el,2020-02-20 14:41:58 -0800
https://support.mozilla.org/questions/1280341,2020-02-20 10:44:50 -0800,https://support.mozilla.org/questions/1280341#answer-1291999,jscher2000,2020-02-20 11:04:15 -0800
https://support.mozilla.org/questions/1280341,2020-02-20 10:44:50 -0800,https://support.mozilla.org/questions/1280341#answer-1291990,jscher2000,2020-02-20 10:56:40 -0800
https://support.mozilla.org/questions/1280340,2020-02-20 10:43:28 -0800,https://support.mozilla.org/questions/1280340#answer-1291998,jscher2000,2020-02-20 11:03:37 -0800
https://support.mozilla.org/questions/1280340,2020-02-20 10:43:28 -0800,https://support.mozilla.org/questions/1280340#answer-1291995,jscher2000,2020-02-20 10:59:27 -0800
https://support.mozilla.org/questions/1280339,2020-02-20 10:16:01 -0800,https://support.mozilla.org/questions/1280339#answer-1292004,jscher2000,2020-02-20 11:09:25 -0800
https://support.mozilla.org/questions/1280339,2020-02-20 10:16:01 -0800,https://support.mozilla.org/questions/1280339#answer-1291991,fredmcd-hotmail,2020-02-20 10:57:11 -0800
https://support.mozilla.org/questions/1280338,2020-02-20 10:06:23 -0800,https://support.mozilla.org/questions/1280338#answer-1292231,fredmcd-hotmail,2020-02-21 04:57:28 -0800
https://support.mozilla.org/questions/1280338,2020-02-20 10:06:23 -0800,https://support.mozilla.org/questions/1280338#answer-1292110,cor-el,2020-02-20 14:24:45 -0800
https://support.mozilla.org/questions/1280338,2020-02-20 10:06:23 -0800,https://support.mozilla.org/questions/1280338#answer-1291994,fredmcd-hotmail,2020-02-20 10:58:34 -0800
https://support.mozilla.org/questions/1280336,2020-02-20 09:57:21 -0800,https://support.mozilla.org/questions/1280336#answer-1292019,cor-el,2020-02-20 11:34:35 -0800
https://support.mozilla.org/questions/1280336,2020-02-20 09:57:21 -0800,https://support.mozilla.org/questions/1280336#answer-1292014,cor-el,2020-02-20 11:21:24 -0800
https://support.mozilla.org/questions/1280336,2020-02-20 09:57:21 -0800,https://support.mozilla.org/questions/1280336#answer-1292012,jscher2000,2020-02-20 11:19:52 -0800
https://support.mozilla.org/questions/1280336,2020-02-20 09:57:21 -0800,https://support.mozilla.org/questions/1280336#answer-1292000,cor-el,2020-02-20 11:04:16 -0800
https://support.mozilla.org/questions/1280336,2020-02-20 09:57:21 -0800,https://support.mozilla.org/questions/1280336#answer-1291987,fredmcd-hotmail,2020-02-20 10:54:05 -0800
https://support.mozilla.org/questions/1280336,2020-02-20 09:57:21 -0800,https://support.mozilla.org/questions/1280336#answer-1291982,fredmcd-hotmail,2020-02-20 10:44:53 -0800
https://support.mozilla.org/questions/1280336,2020-02-20 09:57:21 -0800,https://support.mozilla.org/questions/1280336#answer-1291975,fredmcd-hotmail,2020-02-20 10:34:10 -0800
https://support.mozilla.org/questions/1280334,2020-02-20 09:28:36 -0800,https://support.mozilla.org/questions/1280334#answer-1291996,cor-el,2020-02-20 11:00:36 -0800
https://support.mozilla.org/questions/1280334,2020-02-20 09:28:36 -0800,https://support.mozilla.org/questions/1280334#answer-1291973,cor-el,2020-02-20 10:32:07 -0800
https://support.mozilla.org/questions/1280333,2020-02-20 09:24:36 -0800,https://support.mozilla.org/questions/1280333#answer-1292173,cor-el,2020-02-20 18:58:13 -0800
https://support.mozilla.org/questions/1280333,2020-02-20 09:24:36 -0800,https://support.mozilla.org/questions/1280333#answer-1291959,McCoy-thereal,2020-02-20 09:50:52 -0800
https://support.mozilla.org/questions/1280330,2020-02-20 09:05:35 -0800,https://support.mozilla.org/questions/1280330#answer-1291966,cor-el,2020-02-20 10:17:13 -0800
https://support.mozilla.org/questions/1280327,2020-02-20 08:53:11 -0800,https://support.mozilla.org/questions/1280327#answer-1291955,ajwagen,2020-02-20 09:30:49 -0800
https://support.mozilla.org/questions/1280327,2020-02-20 08:53:11 -0800,https://support.mozilla.org/questions/1280327#answer-1291954,ufo.master,2020-02-20 09:27:19 -0800
https://support.mozilla.org/questions/1280327,2020-02-20 08:53:11 -0800,https://support.mozilla.org/questions/1280327#answer-1291951,btcyanide,2020-02-20 09:23:13 -0800
https://support.mozilla.org/questions/1280327,2020-02-20 08:53:11 -0800,https://support.mozilla.org/questions/1280327#answer-1291948,ufo.master,2020-02-20 09:14:23 -0800
https://support.mozilla.org/questions/1280326,2020-02-20 08:48:19 -0800,https://support.mozilla.org/questions/1280326#answer-1292248,My_Cheese_Is_Slippin,2020-02-21 06:36:23 -0800
https://support.mozilla.org/questions/1280325,2020-02-20 08:42:15 -0800,https://support.mozilla.org/questions/1280325#answer-1292048,jscher2000,2020-02-20 12:06:16 -0800
https://support.mozilla.org/questions/1280325,2020-02-20 08:42:15 -0800,https://support.mozilla.org/questions/1280325#answer-1292029,cor-el,2020-02-20 11:42:41 -0800
https://support.mozilla.org/questions/1280325,2020-02-20 08:42:15 -0800,https://support.mozilla.org/questions/1280325#answer-1292001,fredmcd-hotmail,2020-02-20 11:04:31 -0800
https://support.mozilla.org/questions/1280322,2020-02-20 08:21:31 -0800,https://support.mozilla.org/questions/1280322#answer-1291939,evhenry,2020-02-20 08:29:48 -0800
https://support.mozilla.org/questions/1280321,2020-02-20 07:53:16 -0800,https://support.mozilla.org/questions/1280321#answer-1292388,cor-el,2020-02-21 16:18:33 -0800
https://support.mozilla.org/questions/1280321,2020-02-20 07:53:16 -0800,https://support.mozilla.org/questions/1280321#answer-1292032,cor-el,2020-02-20 11:46:06 -0800
https://support.mozilla.org/questions/1280321,2020-02-20 07:53:16 -0800,https://support.mozilla.org/questions/1280321#answer-1292002,jscher2000,2020-02-20 11:05:56 -0800
https://support.mozilla.org/questions/1280321,2020-02-20 07:53:16 -0800,https://support.mozilla.org/questions/1280321#answer-1291972,fredmcd-hotmail,2020-02-20 10:29:38 -0800
https://support.mozilla.org/questions/1280321,2020-02-20 07:53:16 -0800,https://support.mozilla.org/questions/1280321#answer-1291929,fredmcd-hotmail,2020-02-20 08:00:02 -0800
https://support.mozilla.org/questions/1280321,2020-02-20 07:53:16 -0800,https://support.mozilla.org/questions/1280321#answer-1291928,fredmcd-hotmail,2020-02-20 07:58:38 -0800
https://support.mozilla.org/questions/1280320,2020-02-20 07:44:34 -0800,https://support.mozilla.org/questions/1280320#answer-1292081,cor-el,2020-02-20 13:29:15 -0800
https://support.mozilla.org/questions/1280320,2020-02-20 07:44:34 -0800,https://support.mozilla.org/questions/1280320#answer-1292060,cor-el,2020-02-20 12:42:48 -0800
https://support.mozilla.org/questions/1280320,2020-02-20 07:44:34 -0800,https://support.mozilla.org/questions/1280320#answer-1291983,cor-el,2020-02-20 10:46:39 -0800
https://support.mozilla.org/questions/1280320,2020-02-20 07:44:34 -0800,https://support.mozilla.org/questions/1280320#answer-1291958,jscher2000,2020-02-20 09:48:01 -0800
https://support.mozilla.org/questions/1280320,2020-02-20 07:44:34 -0800,https://support.mozilla.org/questions/1280320#answer-1291920,jscher2000,2020-02-20 07:48:46 -0800
https://support.mozilla.org/questions/1280319,2020-02-20 07:39:16 -0800,https://support.mozilla.org/questions/1280319#answer-1291923,jscher2000,2020-02-20 07:54:34 -0800
https://support.mozilla.org/questions/1280318,2020-02-20 07:27:00 -0800,https://support.mozilla.org/questions/1280318#answer-1292168,cor-el,2020-02-20 18:51:35 -0800
https://support.mozilla.org/questions/1280317,2020-02-20 06:59:13 -0800,https://support.mozilla.org/questions/1280317#answer-1291974,cor-el,2020-02-20 10:33:07 -0800
https://support.mozilla.org/questions/1280315,2020-02-20 06:29:49 -0800,https://support.mozilla.org/questions/1280315#answer-1291917,jscher2000,2020-02-20 07:41:58 -0800
https://support.mozilla.org/questions/1280315,2020-02-20 06:29:49 -0800,https://support.mozilla.org/questions/1280315#answer-1291907,jscher2000,2020-02-20 07:16:48 -0800
https://support.mozilla.org/questions/1280314,2020-02-20 06:11:22 -0800,https://support.mozilla.org/questions/1280314#answer-1291931,fredmcd-hotmail,2020-02-20 08:04:34 -0800
https://support.mozilla.org/questions/1280313,2020-02-20 06:04:24 -0800,https://support.mozilla.org/questions/1280313#answer-1292233,fredmcd-hotmail,2020-02-21 04:59:58 -0800
https://support.mozilla.org/questions/1280313,2020-02-20 06:04:24 -0800,https://support.mozilla.org/questions/1280313#answer-1291933,fredmcd-hotmail,2020-02-20 08:06:18 -0800
https://support.mozilla.org/questions/1280311,2020-02-20 05:57:26 -0800,https://support.mozilla.org/questions/1280311#answer-1292119,cor-el,2020-02-20 14:53:40 -0800
https://support.mozilla.org/questions/1280311,2020-02-20 05:57:26 -0800,https://support.mozilla.org/questions/1280311#answer-1291945,McCoy-thereal,2020-02-20 08:53:47 -0800
https://support.mozilla.org/questions/1280311,2020-02-20 05:57:26 -0800,https://support.mozilla.org/questions/1280311#answer-1291940,evhenry,2020-02-20 08:33:45 -0800
https://support.mozilla.org/questions/1280310,2020-02-20 05:50:11 -0800,https://support.mozilla.org/questions/1280310#answer-1291910,jscher2000,2020-02-20 07:20:23 -0800
https://support.mozilla.org/questions/1280306,2020-02-20 05:01:20 -0800,https://support.mozilla.org/questions/1280306#answer-1292066,cor-el,2020-02-20 13:02:04 -0800
https://support.mozilla.org/questions/1280306,2020-02-20 05:01:20 -0800,https://support.mozilla.org/questions/1280306#answer-1292046,cor-el,2020-02-20 12:01:33 -0800
https://support.mozilla.org/questions/1280306,2020-02-20 05:01:20 -0800,https://support.mozilla.org/questions/1280306#answer-1292037,evhenry,2020-02-20 11:51:15 -0800
https://support.mozilla.org/questions/1280303,2020-02-20 04:19:41 -0800,https://support.mozilla.org/questions/1280303#answer-1292164,cor-el,2020-02-20 18:43:50 -0800
https://support.mozilla.org/questions/1280303,2020-02-20 04:19:41 -0800,https://support.mozilla.org/questions/1280303#answer-1291891,McCoy-thereal,2020-02-20 04:46:42 -0800
https://support.mozilla.org/questions/1280300,2020-02-20 03:07:24 -0800,https://support.mozilla.org/questions/1280300#answer-1291938,ComputerWhiz,2020-02-20 08:12:23 -0800
https://support.mozilla.org/questions/1280298,2020-02-20 02:53:03 -0800,https://support.mozilla.org/questions/1280298#answer-1292011,cor-el,2020-02-20 11:18:59 -0800
https://support.mozilla.org/questions/1280298,2020-02-20 02:53:03 -0800,https://support.mozilla.org/questions/1280298#answer-1291936,ComputerWhiz,2020-02-20 08:09:11 -0800
https://support.mozilla.org/questions/1280297,2020-02-20 02:49:06 -0800,https://support.mozilla.org/questions/1280297#answer-1292070,cor-el,2020-02-20 13:11:56 -0800
https://support.mozilla.org/questions/1280297,2020-02-20 02:49:06 -0800,https://support.mozilla.org/questions/1280297#answer-1292027,evhenry,2020-02-20 11:40:30 -0800
https://support.mozilla.org/questions/1280293,2020-02-20 02:07:53 -0800,https://support.mozilla.org/questions/1280293#answer-1291882,McCoy-thereal,2020-02-20 02:35:44 -0800
https://support.mozilla.org/questions/1280293,2020-02-20 02:07:53 -0800,https://support.mozilla.org/questions/1280293#answer-1291879,McCoy-thereal,2020-02-20 02:24:58 -0800
https://support.mozilla.org/questions/1280291,2020-02-20 01:10:17 -0800,https://support.mozilla.org/questions/1280291#answer-1291944,evhenry,2020-02-20 08:53:27 -0800
https://support.mozilla.org/questions/1280290,2020-02-19 23:39:46 -0800,https://support.mozilla.org/questions/1280290#answer-1292120,cor-el,2020-02-20 14:56:16 -0800
https://support.mozilla.org/questions/1280290,2020-02-19 23:39:46 -0800,https://support.mozilla.org/questions/1280290#answer-1291943,evhenry,2020-02-20 08:42:16 -0800
https://support.mozilla.org/questions/1280289,2020-02-19 23:03:40 -0800,https://support.mozilla.org/questions/1280289#answer-1292506,cor-el,2020-02-22 10:42:02 -0800
https://support.mozilla.org/questions/1280289,2020-02-19 23:03:40 -0800,https://support.mozilla.org/questions/1280289#answer-1292347,cor-el,2020-02-21 13:03:21 -0800
https://support.mozilla.org/questions/1280289,2020-02-19 23:03:40 -0800,https://support.mozilla.org/questions/1280289#answer-1292333,rtanglao,2020-02-21 12:30:40 -0800
https://support.mozilla.org/questions/1280289,2020-02-19 23:03:40 -0800,https://support.mozilla.org/questions/1280289#answer-1291892,fredmcd-hotmail,2020-02-20 04:50:06 -0800
https://support.mozilla.org/questions/1280289,2020-02-19 23:03:40 -0800,https://support.mozilla.org/questions/1280289#answer-1291868,fredmcd-hotmail,2020-02-19 23:21:06 -0800
https://support.mozilla.org/questions/1280288,2020-02-19 22:50:50 -0800,https://support.mozilla.org/questions/1280288#answer-1291875,me81,2020-02-20 01:40:55 -0800
https://support.mozilla.org/questions/1280288,2020-02-19 22:50:50 -0800,https://support.mozilla.org/questions/1280288#answer-1291869,fredmcd-hotmail,2020-02-19 23:25:26 -0800
https://support.mozilla.org/questions/1280286,2020-02-19 20:14:24 -0800,https://support.mozilla.org/questions/1280286#answer-1291864,fredmcd-hotmail,2020-02-19 21:15:05 -0800
https://support.mozilla.org/questions/1280284,2020-02-19 18:29:41 -0800,https://support.mozilla.org/questions/1280284#answer-1291827,jscher2000,2020-02-19 19:17:42 -0800
https://support.mozilla.org/questions/1280284,2020-02-19 18:29:41 -0800,https://support.mozilla.org/questions/1280284#answer-1291825,jscher2000,2020-02-19 19:14:09 -0800
https://support.mozilla.org/questions/1280283,2020-02-19 18:04:56 -0800,https://support.mozilla.org/questions/1280283#answer-1291840,cor-el,2020-02-19 19:38:09 -0800
https://support.mozilla.org/questions/1280283,2020-02-19 18:04:56 -0800,https://support.mozilla.org/questions/1280283#answer-1291824,ComputerWhiz,2020-02-19 19:09:05 -0800
https://support.mozilla.org/questions/1280280,2020-02-19 17:56:51 -0800,https://support.mozilla.org/questions/1280280#answer-1292057,cor-el,2020-02-20 12:37:10 -0800
https://support.mozilla.org/questions/1280280,2020-02-19 17:56:51 -0800,https://support.mozilla.org/questions/1280280#answer-1292049,cor-el,2020-02-20 12:08:00 -0800
https://support.mozilla.org/questions/1280280,2020-02-19 17:56:51 -0800,https://support.mozilla.org/questions/1280280#answer-1291845,fredmcd-hotmail,2020-02-19 19:52:33 -0800
https://support.mozilla.org/questions/1280278,2020-02-19 16:25:50 -0800,https://support.mozilla.org/questions/1280278#answer-1291844,cor-el,2020-02-19 19:48:06 -0800
https://support.mozilla.org/questions/1280276,2020-02-19 16:07:30 -0800,https://support.mozilla.org/questions/1280276#answer-1292134,cor-el,2020-02-20 16:46:49 -0800
https://support.mozilla.org/questions/1280276,2020-02-19 16:07:30 -0800,https://support.mozilla.org/questions/1280276#answer-1292133,fredmcd-hotmail,2020-02-20 16:43:56 -0800
https://support.mozilla.org/questions/1280276,2020-02-19 16:07:30 -0800,https://support.mozilla.org/questions/1280276#answer-1291846,fredmcd-hotmail,2020-02-19 19:53:30 -0800
