1296746,2020-07-27 16:20:13 -0800,https://support.mozilla.org/questions/1296746,Unresponsive script on different websites.,"ABP 3.0.- latest. FF latest. Win10. Constant error.  Also being forced into Outlook.com to address the error, while on another website.  This error replaced the constant - a webpage is slowing down your browser.  I remedied that w/a a different *about:* - but I do not remember what I inserted. I tried disabling possibly troublesome addons.  No help. I let the script run longer using about:config.  No help. I am in safe mode, but no error now - which does not mean anything.  In prior error (webpage slowing browser), safe mode did not alleviate the problem at all. Cannot view FF or addons, which is why I did not put versions in. Andrew deleted my post. Thank you. Some errors: A script from the extension “Adblock Plus - free ad blocker” is running on this page, and making Firefox unresponsive. It may be busy, or it may have stopped responding permanently. You can stop the script now, or you can continue to see if it will complete. Script: moz-extension://a62ee157-7dfb-…148ca9499be/include.preload.js:12050272Scri...",desktop;fix-problems;windows-10;firefox-780;,firefox,en-US
1296747,2020-07-27 16:52:15 -0800,https://support.mozilla.org/questions/1296747,FireFox becomes slow; restarting Firefox fixes problem.  Why?,"I am just wondering why FireFox occasionally becomes slow to load web pages.  On these occasions, restarting Firefox fixes the problem immediately.   Example, I was just loading the same page repeatedly because of some work I am doing.  After about 15 minutes of slow response times, I restarted FireFox and immediately, the page loaded very quickly as usual. You can see the page where this was occurring at this url: https://legacy-systems.biz/demo/demo.html Any information etc. would be appreciated immensely. ",mac-os;desktop;fix-problems;firefox-780;,firefox,en-US
1296749,2020-07-27 17:21:58 -0800,https://support.mozilla.org/questions/1296749,Firefox can't load youtube settings.,"Firefox can't load youtube settings, instead show endless preloader animation. Win 10 FF 78.0.2 64bit I cleaned the cookies, tried safe mode, tried to delete all plug-ins, tried to delete the browser profile, I reinstalled Firefox - no result. What should I do? ",desktop;fix-problems;youtube;windows-10;firefox-780;,firefox,en-US
1296756,2020-07-27 18:48:24 -0800,https://support.mozilla.org/questions/1296756,multiple firefox.exe loading,"28th July: Canberra Using Windows 7. with 6 GB RAM.Computer has  become very slow.  Resource monitor shows (at least) 11 examples of firefox.exe loaded. Please see attached file. Is this normal ? I'm a ""newbie"" as far as computers are concerned. Thanks Iain ",windows-7;desktop;fix-problems;firefox-780;,firefox,en-US
1296770,2020-07-27 22:27:48 -0800,https://support.mozilla.org/questions/1296770,Firefox ui crashes after uploading file in my web application,"Getting error as "" A webpage is slowing down your browser.what would you like to do?"" Please do the needful for my issue ",desktop;fix-problems;,firefox,en-US
1296784,2020-07-28 02:52:26 -0800,https://support.mozilla.org/questions/1296784,opening firefox loses all my tabs,"Every time I reopen Firefox, it opens with a new  tab and has lost all my many tabs and history. I have selected 'Restore Previous Session' but it fails to restore it. How can I find my tabs and history? Mark ",desktop;fix-problems;windows-10;firefox-780;,firefox,en-US
1296795,2020-07-28 03:57:32 -0800,https://support.mozilla.org/questions/1296795,captcha data entry,"Good afternoon sir,               I am doing captcha entry work on your Firefox...but Captchas are coming very very slow....If available, please give me any registration details, any settings for fast captchas on your firfox. I am using presently site for captcha work http://pixandprofit.com  I want back to back Captchas. Please give me full details to xxxxxx@xxxxx.xxx ",desktop;fix-problems;,firefox,en-US
1296799,2020-07-28 04:25:00 -0800,https://support.mozilla.org/questions/1296799,Inactive window when opening from taskbar,"When I open a new window (private or not) from taskbar right-click menu on firefox icon it opens but the window is inactive (when I try to write text or press a hotkey it just doesn't work until I click on the newly opened window and do it again). For me it looks like the active window is ""taskbar"" but I'm pretty sure it's a problem with firefox because I've never seen this happening to other apps. Maybe there is a hidden option or something that I have to enable? ",desktop;fix-problems;windows-10;firefox-780;,firefox,en-US
1296813,2020-07-28 07:08:51 -0800,https://support.mozilla.org/questions/1296813,Windows 10 / Features 2004 Update,"Is anyone else experiencing issues with Firefox after installing W10 Feature Update 2004? That’s not the only problem I’m having after installing the update, but it’s among the most pronounced issues. ",desktop;fix-problems;,firefox,en-US
1296829,2020-07-28 08:10:38 -0800,https://support.mozilla.org/questions/1296829,"""Secure Connection Failed"" on Google Maps as of Firefox 79","I'm getting random ""Secure Connection Failed"" on Google Maps as of Firefox 79. No problem whatsoever accessing with other browsers. ",desktop;beta;fix-problems;windows-10;firefox-790;,firefox,en-US
1296865,2020-07-28 11:03:53 -0800,https://support.mozilla.org/questions/1296865,"My Firefox seems to have died. When I click the app, nothing happens. I've downl","My Firefox seems to have died. When I click the app, nothing happens. I've downloaded a new copy of Firefox. Now I need help getting my Bookmarks transferred to the new copy. ",mac-os;desktop;fix-problems;firefox-780;,firefox,en-US
1296878,2020-07-28 12:19:18 -0800,https://support.mozilla.org/questions/1296878,Unable to login to a website,"The only way I am able to login into Bands in Town manager is through my facebook account (https://manager.bandsintown.com/login), but I am not able to through Firefox browser.  I am able to do it through Safari Browser so it seems that it's something to do with the firefox browser. I restarted my computer and updated the firefox browser but it is still not working. ",desktop;fix-problems;mac-os-x-1010;firefox-780;,firefox,en-US
1296892,2020-07-28 13:54:53 -0800,https://support.mozilla.org/questions/1296892,Firefox Crashes,"Hello, at least once for day my firefox Crash. It often happen when i have 4-5 tabs opened, it simply close and then later 20-30 second it reopens. Firefox, when reopens, does not try to send a notification. Any idea of what can i check or how to understand whta problem i have? Thank you ",desktop;beta;fix-problems;windows-10;firefox-790;,firefox,en-US
1296897,2020-07-28 14:41:12 -0800,https://support.mozilla.org/questions/1296897,Firefox is unusable,"I know this is a bit vague, but I have FF on window 10, Windows 7 and Android, and it is unusable on all 3 platforms, Sooo slow, laggy and resource hungry, 6 proccesses for this one tab I have open right now, uses 6gb with a few tabs open. Is the latest version of FF simply unusable and its time to switch? Thoughts please ",desktop;fix-problems;windows-10;firefox-780;,firefox,en-US
1296908,2020-07-28 15:29:20 -0800,https://support.mozilla.org/questions/1296908,Banking Website,I have used a banking website through Firefox for many years with no problems.  After Microsoft updated and put in Microsoft Edge the Firefox will no longer connect to this website.  How do I fix this PLEASE!  L. Nelson ,desktop;fix-problems;windows-10;firefox-780;,firefox,en-US
1296916,2020-07-28 16:50:07 -0800,https://support.mozilla.org/questions/1296916,Firefox crashes on start up,"I cannot get Firefox to open.  It always shows a crash report screen and won't open. I copied this from the report: AdapterDeviceID: 0x08a4 AdapterVendorID: 0x10de Add-ons: doh-rollout%40mozilla.org:1.3.0,formautofill%40mozilla.org:1.0,screenshots%40mozilla.org:39.0.0,webcompat%40mozilla.org:11.0.0,default-theme%40mozilla.org:1.0 BuildID: 20200722151235 ContentSandboxCapable: 1 ContentSandboxLevel: 3 CrashTime: 1595979159 DOMIPCEnabled: 1 Email: jftrk2357@gmail.com EventLoopNestingLevel: 1 FramePoisonBase: 9223372036600930304 FramePoisonSize: 4096 InstallTime: 1595966140 Notes: FP(D00-L1000-W00000000-T000) WR? WR- OMTP? OMTP+1 GL Layers? GL Context? GL Context+ GL Layers+  ProductID: {ec8030f7-c20a-464f-9b0e-13a3a9e97384} ProductName: Firefox ReleaseChannel: esr SafeMode: 0 SecondsSinceLastCrash: 436 StartupCrash: 0 StartupTime: 1595979155 TelemetryEnvironment: {""build"":{""applicationId"":""{ec8030f7-c20a-464f-9b0e-13a3a9e97384}"",""applicationName"":""Firefox"",""architecture"":""x86-64"",""buildId"":""20200722151235"",""ver...",desktop;fix-problems;,firefox,en-US
1296947,2020-07-28 23:01:52 -0800,https://support.mozilla.org/questions/1296947,Secure connection failed  PR_END_OF_FILE_ERROR,I cant access internet using firefox in LinuxMint 20.  It shows a message like this: Secure connection failed   PR_END_OF_FILE_ERROR ,linux;desktop;fix-problems;firefox-780;,firefox,en-US
1296955,2020-07-29 02:04:42 -0800,https://support.mozilla.org/questions/1296955,Firefox Version  79/ Sandboxie compatabilty,"After downloading Version  79, Firefox will not open in Sandboxie, it was working fine before the update ",desktop;fix-problems;windows-10;firefox-790;sandboxie;sandboxie79;,firefox,en-US
1296971,2020-07-29 03:57:52 -0800,https://support.mozilla.org/questions/1296971,Language changes after update,"Every time I update Firefox, the language changes back to English. It is annoying to change the language whenever there is an update especially that sometimes it is updated automatically ",mac-os;desktop;fix-problems;firefox-790;,firefox,en-US
1296997,2020-07-29 07:44:27 -0800,https://support.mozilla.org/questions/1296997,a web page is slowing down your browser,"Web browser is slow, crashes and I get this message...a web page is slowing down your browser ",desktop;fix-problems;windows-10;firefox-780;,firefox,en-US
1297014,2020-07-29 09:02:32 -0800,https://support.mozilla.org/questions/1297014,Lost the SpellChecker in email https://www.outlook.live.com.     Can't recover i,"I think that a recent Windows 10 Update de-installed my Spell Checker.    In Mozilla Firefox, I tried:  MENU/OPTIONS/GENERAL/LANGUAGE   and checked ""Check your spelling as you type"". I re-started Firefox and still no Spell Checker. I downloaded a Firefox  ""Add-On""  -  a highly recommended Grammar & Spelling tool.  It works OK, but not as good as the Spell Checker that HAD been installed & used on Outlook email. If someone out there is confident they know the steps to re-install the original Spell Checker.....let's give it a try. Thanks, Gary ",desktop;fix-problems;windows-10;firefox-790;,firefox,en-US
1297027,2020-07-29 10:16:48 -0800,https://support.mozilla.org/questions/1297027,Firefox crashes on every startup,I have my firefox crashed on every startup. Even in safe mode. Even when whole ~/.firefox folder is deleted. If I start it with --safe-mode I can see ExceptionHandler::GenerateDump cloned child 9079 ExceptionHandler::SendContinueSignalToChild sent continue signal to child ExceptionHandler::WaitForContinueSignal waiting for continue signal... If I'm trying to run beta version  Im getting the same ,linux;desktop;download-and-install;fix-problems;,firefox,en-US
1297028,2020-07-29 10:21:51 -0800,https://support.mozilla.org/questions/1297028,Slow browser,"Firefox has recently gotten very slow. No problems with other browsers. I tried a reset of Firefox. Did not help. I have used Firefox as my default browser for years, but I'm about ready to switch because of the frustration. Any last suggestions? This has also occurred with at least one other work station at our newspaper. Thanks. ",windows-7;desktop;fix-problems;firefox-780;,firefox,en-US
1297031,2020-07-29 10:59:52 -0800,https://support.mozilla.org/questions/1297031,All the web pages are lagging,Youtube is buffering. Facebook and Dribbble is loading so slowly. But other browsers  can load them easily. ,desktop;fix-problems;windows-10;firefox-790;,firefox,en-US
1297044,2020-07-29 12:07:03 -0800,https://support.mozilla.org/questions/1297044,Firefox 79.0 Closes Immediately on opening,"Once Firefox 79.0 is installed on my two Windows 10 systems, it opens for a second and closes immediately.  If I open Firefox from a link in my email, it opens without crashing.  If I select open  a new window it opens and closes immediately.  If I select Open a New Private Window, it works.   If I open a new tab it works.  If I select Open a Link in a New Window, it works.   The same problem happens why attempting to open Firefox in Safe mode. ",desktop;fix-problems;,firefox,en-US
1297046,2020-07-29 12:10:04 -0800,https://support.mozilla.org/questions/1297046,Firefox (79) for macOS keeps launching on its own,"I'm on a Mac, and Safari is my default browser. But for a few years, I've used Firefox several times a week as needed. When I'm not using Firefox, I typically quit it. For the last 2-3 days, Firefox has started launching spontaneously. I'll be doing something else on my computer, and suddenly Firefox appears in my dock (but it doesn't come to the forefront). The first time I saw this, I quit it immediately, but it immediately restarted. After 3 or 4 tries, it stayed quit. But a few hours later, it launched spontaneously again, and this has now happened half a dozen times. I've run two anti-malware scans (by two, different developers), and both came up squeaky clean. I do have Firefox set to auto-update, but I've never seen this behavior before. In the past, updates were performed in the background, then when I launched Firefox, I'd be notified that it had been updated. This auto-launch behavior is disturbing. Does anyone have any idea what's going on? I'm running macOS Catalina 10.15.6. ",mac-os;desktop;fix-problems;firefox-790;,firefox,en-US
1297048,2020-07-29 12:19:43 -0800,https://support.mozilla.org/questions/1297048,Images not preloading anymore on the selected Tab,"Hello, I'm expriencing this issue since a few days : The images in the selected tab (the page I'm reading/scrolling into) don't preload anymore. A few days ago, when everything was fine, I was able to scroll through long pages and all the images were already displayed. Now, whenever I scroll down, the images appear with half a second delay. Once everything has been loaded/displayed once, I can scroll through the page with all the images displayed correctly so I guess this is a matter of Firefox not preloading what's not currently displayed even though it's in the currently read page. Does anyone know how to fix this please? Thank you a lot for reading. ",desktop;fix-problems;windows-10;firefox-790;,firefox,en-US
1297062,2020-07-29 14:09:01 -0800,https://support.mozilla.org/questions/1297062,You Tube delay,"When I bring up a new youtube video I get an error message  ""An error occurred Please try again latter""  After 60 sec or so the material plays. This is a change that seems to be connected with thge lattest up grade. Rick ",desktop;fix-problems;windows-10;firefox-780;,firefox,en-US
1297069,2020-07-29 14:44:35 -0800,https://support.mozilla.org/questions/1297069,Why is my system so slow?  It seems to be related to Firefox and their 'updates.,"I LOVE Firefox's intentions re: privacy, etc., but I'm ready to switch to a different browser because of the slowness and the ""Firefox Not Responding"" messages. Is there a fix for these problems? ",desktop;fix-problems;windows-81;firefox-790;,firefox,en-US
1297071,2020-07-29 14:52:59 -0800,https://support.mozilla.org/questions/1297071,Firefox says my profile is missing,"Firefox is saying my profile is missing or inaccessible. I have not moved, renamed, or deleted the folder at all. I have to use Google Chrome now. Someone please help! ",desktop;fix-problems;,firefox,en-US
1297073,2020-07-29 15:18:58 -0800,https://support.mozilla.org/questions/1297073,All Opened Tabs are disappered?,After restart  My  laptop I found all opened tabs not exists how to retrieve all opened tabs? ,desktop;fix-problems;windows-10;firefox-790;,firefox,en-US
1297081,2020-07-29 16:33:57 -0800,https://support.mozilla.org/questions/1297081,"Firefox opening and closing several blank, white windows at PC startup","At OS (Windows10) startup, Firefox launches several (3-5) blank, large windows then immediately close themselves. Then, when I launch Firefox intentionally, gives back an error screen saying it could not reproduce the previous session. I tried turning off (false) toolkit.winRegisterApplicationRestart and also is manually closing all tabs before shutting off. What else can I do? ",desktop;fix-problems;windows-10;firefox-780;,firefox,en-US
1297087,2020-07-29 17:02:50 -0800,https://support.mozilla.org/questions/1297087,Page Actions,"when I click on the three dots at the end of the address bar ""Page Actions"" , I see no ""Page Actions"" drop-down list ",desktop;fix-problems;windows-10;firefox-790;,firefox,en-US
1297099,2020-07-29 19:05:20 -0800,https://support.mozilla.org/questions/1297099,firefox is still running...,"i have rebooted, uninstalled, deleted parent.lock files, and all the other ""solutions"" you guys say.  Is there any one I can speak with who can help me?  This is crazy. ",desktop;fix-problems;needsinfo;,firefox,en-US
1297111,2020-07-29 22:50:16 -0800,https://support.mozilla.org/questions/1297111,Firefox won't remember last download choice,Hi Ok so it use to be when I would select a file like say a PDF to download I would get a pop up (Still do and set that way to ask what I desire to do with the file) and there were 2 choices Open with (Select program to open with) Save to But I noticed this tonight now I have a 3rd option on top that is Open in Firefox No matter what I try it always reverts back now to OPEN IN FIREFOX for each file where as before it use to remember the last option I had selected which is what I prefer as usually I want to save the file rather then open it. Is there any way to force firefox to remember the last choice I made rather then reverting all the time to open in firefox like it is doing right now? ,desktop;fix-problems;windows-10;firefox-780;,firefox,en-US
1297121,2020-07-30 01:20:32 -0800,https://support.mozilla.org/questions/1297121,ebanking log-in does not work,"I use the browser for e-banking. Log in has worked up until now, but now a key drop-down that gives me the log-in does not work. Having to use Safari for e-banking now. A bit vague, but I hope you can help. ",mac-os;desktop;fix-problems;firefox-780;,firefox,en-US
1297154,2020-07-30 06:54:18 -0800,https://support.mozilla.org/questions/1297154,TypeError: document.getelementbyid(...) is null,"Although there is a proper id on html but still its showing ""TypeError: document.getelementbyid(...) is null"".   <!DOCTYPE html> <html lang=""en""> <head>     <meta charset=""UTF-8"">     <meta name=""viewport"" content=""width=device-width, initial-scale=1.0"">     <meta http-equiv=""X-UA-Compatible"" content=""ie=edge"">     <title>Fundraising made simple</title> </head> <body>               <form method=""post"" action="""" >                   <button class=""btn btn-success"" style=""margin: 14px;margin-left: 3em;"" name=""input_amount"" id=""total_ammount"" value=""00.00"" type=""submit"" >Pay </button>               </form> <script> function myFunction(id) {     console.log('hello all',id)     document.getElementById('ammounth1').innerHTML = '$ '.concat(counts.toFixed(2));     document.getElementById('ammounth2').innerHTML = '$ '.concat(count_percentage.toFixed(2));     document.getElementById('ammounth3').innerHTML = ""Paypal will be billed : $ "".concat( total)     document.getElementById('total_ammount').setAttribute('value',tota...",desktop;fix-problems;webdev;,firefox,en-US
1297164,2020-07-30 09:01:48 -0800,https://support.mozilla.org/questions/1297164,Firefox crash,I would like to fix or delete the firefox crash ,desktop;fix-problems;windows-8;firefox-780;,firefox,en-US
1297167,2020-07-30 09:25:16 -0800,https://support.mozilla.org/questions/1297167,Sessions,"Hi,  Why does firefox not restore sessions any more?  I'm always either having updates or restarts that when I come back, there is no session restore.  This has been going on for a few versions.  Then it opens up with multiple pages, and straight away updates my session backups so I can't manually do it and my link is greyed out.  I'm so sick and tired of firefox losing all my tabs. ",desktop;fix-problems;windows-10;firefox-790;,firefox,en-US
1297171,2020-07-30 09:38:30 -0800,https://support.mozilla.org/questions/1297171,"firefox 79.0 fails with ""Exiting due to channel error."" when PC is sleeping","After upgrading to firefox 79.0 for 32-bit debian linux  (from firefox 78.0.2), I've noticed firefox now goes away when the PC is put to sleep and see this error message in logs (1 msg/tab):    Exiting due to channel error.  Putting my PC to sleep means withdrawing the default route (so only devices on my local network are accessible) and running a screensaver. Are there any suggestions for fixing this (minor) annoyance? It never happened with the previous firefox 78.0.2. thanks! ",linux;desktop;fix-problems;firefox-790;,firefox,en-US
1297234,2020-07-30 17:42:57 -0800,https://support.mozilla.org/questions/1297234,screen  flickering and not rendering correctly.,"I have just had latest update install for mozilla firefox. Now my screen is breaking up into black rectangles and  is not rendering properly. I had this problem but last update seem to fix it. I can't tell you how utterlydepressing this is. I don't have any knowledge to fix it and if it goes back to how it was permanently then, much as I love firefox I'm dumping it. Unless there is a solution. It would be nice to roll back the update and also choose not to install any in future. god's teeth I'm on windows 10 if that makes a difference. ",desktop;fix-problems;windows-10;firefox-790;,firefox,en-US
1297245,2020-07-30 19:58:26 -0800,https://support.mozilla.org/questions/1297245,"Firefox using a ridiculous amount of RAM, error message ""A page is slowing down ","I asked this previously on Twitter and after the fixes suggested didn't work (at least not permanently), support on Twitter sent me here. (Would have been nice for you to determine the appropriate forum and topic rather than me having to do it, by the way, ""AT""). I am still getting a dragging slow Firefox using what seems like an inordinate amount of memory (though I could be wrong, check the images).  My first message to support included the first image with the comment: ""Yes, I've already refreshed Firefox. Yes, I've cleared my cache. Yes, I've removed all of my extensions/add-ons, though I need them back now."" I then followed the instructions to try ""disabling Firefox Hardware Acceleration and deleting content-prefs.sqlite"". Deleting sqlite and disabling FHA seemed to work for a while but a) is there a script I can run to auto-delete the content-prefs.sqlite daily so I can depend on your browser. And more pressing, b)second image memory usage. Any help is appreciated. Thank you in advance. DB ",desktop;fix-problems;windows-10;firefox-790;,firefox,en-US
1297299,2020-07-31 05:56:09 -0800,https://support.mozilla.org/questions/1297299,Can't reply to author in Google group,"Recently, in a Google group I participate in, I stopped being able to reply to the original poster. (I can still reply to the whole group.) I couldn't find any setting within Groups that applied to the issue. One Google search result said it was an issue with Chrome browser ""mailto"" settings. I am not able to find anything analogous to that in Firefox. Does anyone have any suggestions for me? It looks like my Firefox version is 79.0. Thanks. ",desktop;fix-problems;windows-10;firefox-790;,firefox,en-US
1297304,2020-07-31 06:58:28 -0800,https://support.mozilla.org/questions/1297304,Home Page,"Fire just updated to the current version, now my home page will not load, get a blank page, I can change the home page to something else and that functions OK, but when I try to go and use the previous home same problem, will not load, I get the same problem if I just want to go to that website, won't load. ",desktop;fix-problems;windows-10;firefox-790;,firefox,en-US
1297309,2020-07-31 07:21:14 -0800,https://support.mozilla.org/questions/1297309,Rstore previous session bug,"Hey, I'm using the restore previous session feature. Its really helpful, but I assume since the last update it is not working properly.  Whenever I use the private firefox browser (window) parallel to the normal one (window) and close the normal browser before the private one, my last active session of the normal browser is not restored. When I close the private firefox window before the normal firefox browser window everything works fine with  restoring the tabs. Any way around?  And please fix this annoying bug. Thanks! ",desktop;fix-problems;windows-10;privatebrowsing;firefox-790;,firefox,en-US
1297317,2020-07-31 07:48:31 -0800,https://support.mozilla.org/questions/1297317,Firefox crashing my Mac every time I open it.,"Hi ---- Wondering if anyone can help with this. Every time I open Firefox (my default browser), I get a spinning wheel, the browser doesn't load and my whole system crashes. I have tried reinstalling Firefox - same problem occurs. Anyone got any tips? I'm running a mac on El Capitan and have been for a while with no browser problems. ",desktop;download-and-install;fix-problems;escalate;mac-os-x-10116;troubleshootingdetailsmissing;escalationresolved;,firefox,en-US
1297322,2020-07-31 08:15:45 -0800,https://support.mozilla.org/questions/1297322,Since update to 78.0.2  constantly asked by Windows to allow program to make cha,"Since update to 78.0.2  constantly asked by Windows to allow program to make changes.  Progress bar shows installing update to FF. Next restart, same game. ",windows-7;desktop;fix-problems;firefox-780;firefox-7802;,firefox,en-US
1297327,2020-07-31 08:56:11 -0800,https://support.mozilla.org/questions/1297327,opening menu=folders on bookmark toolbar opens the menu far far away on another ,"I'm using FF 77.0.1 (64-bit) [Mozilla Firefox for Ubuntu canonical- 1.0, but the problem has been present for the last 2-3 months over those versions current. When I open a folder on my bookmarks toolbar, the menu pops up on another display. If I just move my mouse down, as if the menu were immediately below the folder link, the corresponding rows on the menu on the other display are highlighted. However, clicking at that point does not select that menu entry. I must move my mouse over to where the menu is displayed, all the way being careful to not move outside of the Y dimension range of that menu (or it vanishes). This does not happen on all folders on the menu, but the ones it happens on vary from day to day. Prior to the version of FF that I am on, it would only happen once to a given menu and then it would start opening the menu where it should. I currently have 15 folders showing on the toolbar and 5 of them consistently misbehave.  I'm on Ubuntu Linux 18.04 using the Gnome desktop/window manager (not ...",linux;desktop;fix-problems;firefox-770;,firefox,en-US
1297329,2020-07-31 09:03:12 -0800,https://support.mozilla.org/questions/1297329,Restore session or start new session,"Every time I open the browser a page says: ""Sorry. We're having trouble getting your pages back"". There are two buttons, restore session or start new session. It is annoying to have to do this every time. I have done everything suggested in the help section, from refreshing the browser, exiting browser properly and change the browser.sessionstore.max_resumed_crashes in the about:config.  Nothing works. ",desktop;fix-problems;windows-10;firefox-790;,firefox,en-US
1297334,2020-07-31 10:10:22 -0800,https://support.mozilla.org/questions/1297334,Insecure connection messege on Ali Express search,"I'm getting this annoying message on my personal laptop always when I use the search bar on Ali express website ""The information you have entered on this page will be sent over insecure connection and could be read by a third party. Are you sure you want to send this information?  This is followed below with two boxes, ""Continue"" and ""Cancel”. “ Although I don't get this message on my laptop at office using the same Firefox browser ",desktop;fix-problems;windows-10;firefox-780;firefox-7802;,firefox,en-US
1297343,2020-07-31 11:07:46 -0800,https://support.mozilla.org/questions/1297343,Yahoo coming up in a foreign language,"When I open Firefox it automatically opens Yahoo.  On many occasions it opens up into a foreign language which is usually Spanish.  All may settings are set for English everywhere! So why does this happen?  If that is not bad enough, sometimes there is some kind of verification message that must be clicked on (choice of 2 boxes)  Since I cannot read it I am not clicking on anything.  I have to totally restart my computer to hopefully get things to work normally.  I rarely have this problem with the the other browser...the one that comes with the computer.  It did happen once.. Thanks.. ",desktop;fix-problems;windows-10;firefox-790;,firefox,en-US
1297358,2020-07-31 14:29:13 -0800,https://support.mozilla.org/questions/1297358,Clicking links doesn't always result in a website opening,"Over the past couple of months I have been noticing an increasing trend for Firefox to not open links when I click them. I have a custom HTML homescreen that I use with my popular sites. They are all setup to open in new tabs using standard HTML coding from W3C; nothing fancy; I use the same page in all my browsers across all my devices, and the bones of the page are used on my work computer as well. Sometimes, when I click one of the links, nothing happens. Sometimes, when I click one of the links, a new tab opens with no URL. Sometimes, when I click one of the links, a new tab opens with the URL in the URL bar, but it doesn't navigate. And sometimes, finally, when I click one of the links, a new tab opens and the page I was actually trying to get to appears. This doesn't happen just on my homescreen. Sometimes, often in fact, this happens on Reddit. This happens on Autoblog. This happens on CNN. I have refreshed Firefox. I have nuked my profile entirely and started anew. I have tried it both with and withou...",desktop;fix-problems;windows-10;firefox-790;,firefox,en-US
1297372,2020-07-31 16:39:02 -0800,https://support.mozilla.org/questions/1297372,Fonts not displaying properly on certain sites,Over the last week or so I've encountered several websites where the fonts aren't rendering properly. (Sample image attached.) Anyone know why? ,windows-7;desktop;fix-problems;firefox-790;,firefox,en-US
1297385,2020-07-31 18:41:52 -0800,https://support.mozilla.org/questions/1297385,e mail problem,"Optimum cannot help............Best buy geek squad cannot help.....When i open e mail it says i have no emails...that is not true because sometimes i can get it on other browsers, but i can't remember after trying so much...the next day i cannot get it...i always opened w firefox webmail and then optimum webmail, but it doesn't work for me anymore...  =Can you help and tell me what to do to fix it.....my cable company is Optimum...   lois ",desktop;fix-problems;windows-10;firefox-790;,firefox,en-US
1297408,2020-07-31 23:22:43 -0800,https://support.mozilla.org/questions/1297408,YOUTUBE: No Home Page & No Initial Comments Section via FireFox,"YOUTUBE: No Home Page & No Initial Comments Section via FireFox: In YouTube via FireFox the YouTube Home Page and Comment Entry on videos is missing. Why is this? Ever since the dawn of FireFox this has always been missing. Please go use Chrome, Chromium, and Brave. You will see when you select a certain YouTube Channel, you will get a Home Page. You do not get this in FireFox. The second issue that has always been is the fact that you cannot comment on videos because the Comment Entry is missing via FireFox.  FireFox needs to correct this problematic issue. I am using Linux Mint 19.3 Tricia. I have also used Windows 10 and the same problem exist there. I want the FireFox Team to use Linux Mint to see what you get from the FireFox Browser in the Software Manager. Question; is this the same Browser that is currently available via the website? If not, then we have a huge problem with the Linux Team and Linux period that needs to be resolved. Both the FireFox Team & the Linux Team needs to work together to get t...",linux;desktop;fix-problems;display;youtube;firefox-790;,firefox,en-US
1297413,2020-08-01 01:06:04 -0800,https://support.mozilla.org/questions/1297413,youtube playback,hey firefox  i have been using firefox all the time and wheneve i play a youtube video in it it shows  error which causes a bit trounle in my mind ,desktop;fix-problems;windows-10;firefox-790;,firefox,en-US
1297418,2020-08-01 01:59:53 -0800,https://support.mozilla.org/questions/1297418,Hi is anyone else experiencing too many security checks before reaching the brow,take away the additional security checks you are asking for as it is extremely annoying and time wasting ,mac-os;desktop;fix-problems;firefox-780;,firefox,en-US
1297421,2020-08-01 02:26:52 -0800,https://support.mozilla.org/questions/1297421,Can't close tabs in Firefox browser on Chromebook,Installed Firefox on chromebook.  Opens fine. But can't close tabs using X  at top except main one which then askes to close all tabs. Just keep creating new tabs for each link clicked. ,linux;desktop;fix-problems;firefox-790;,firefox,en-US
1297429,2020-08-01 03:41:08 -0800,https://support.mozilla.org/questions/1297429,"Opening links in any desktop app to open up in Nightly broken, what's going on?","Opening links in any desktop app to open up in Nightly is broken for me since a few months, I didn't really change anything on my side. The bug report so far has been ignored, and this is a pretty major breakage. Does anyone have an idea what I could check out on my system to get this fixed or provide info for the bug so that somebody actually looks at it? EDIT: Please note Nightly initially launches fine, SO THERE IS NO PROBLEM OPENING THE PROFILE. There is also no problem with a previous instance being stuck preventing the new one from launching - I don't want to launch a new instance, I want to open a link, and I can interact with the running instance just fine and it's definitely not stuck. This is what I get 50% of the time I try to open a link: ""Close Firefox"" ""Firefox is already running, but is not responding. To use Firefox, you must first close the existing Firefox process, restart your device, or use a different profile."" (While firefox is perfectly happily running.) xdg-open https://same-url-iclick...",linux;desktop;fix-problems;escalate;nightly;,firefox,en-US
1297437,2020-08-01 05:27:44 -0800,https://support.mozilla.org/questions/1297437,File / email link does not work,Clicking File/email link does nothing. Have tried using it in safe mode and it does not work then either. I see no error messages or apparent activity.  I've searched for solutions but none appear. Any help would be appreciated because I have to copy and open a new email paste etc to send a page link. thanks ,desktop;fix-problems;windows-10;firefox-790;,firefox,en-US
1297439,2020-08-01 06:12:06 -0800,https://support.mozilla.org/questions/1297439,une page jaune s'interpose en haut de l'écran et me demande si je veux l'arrêter,"une page jaune s'interpose en haut de l'écran et me demande si je veux l'arrêter, c'est désagréable, que faire ?’ ",desktop;fix-problems;windows-81;firefox-790;,firefox,en-US
1297444,2020-08-01 06:27:36 -0800,https://support.mozilla.org/questions/1297444,Some pages don't open correctly...Ex: https://developers.google.com/assistant/sd,Please look into this issue...Some pages are not loaded correctly. Ex: https://developers.google.com/assistant/sdk/guides/library/python/embed/install-sample ,desktop;fix-problems;windows-10;firefox-790;,firefox,en-US
1297446,2020-08-01 06:43:46 -0800,https://support.mozilla.org/questions/1297446,orange emails,"Hello, My Orange email site is not working properly all ok on Chrome ",desktop;fix-problems;windows-10;firefox-790;,firefox,en-US
1297449,2020-08-01 07:12:21 -0800,https://support.mozilla.org/questions/1297449,Problems with downloads in Firefox,"When downloading large files (independent from particular website) the download only runs when  I move the mouse. When I do not move the mouse, download stalls. But continues upon moving mouse. This is of course very annoying for large and long downloads, since one has to sit and move the mouse all the time in order for the download to progress and finish. ",windows-7;desktop;fix-problems;firefox-780;,firefox,en-US
1297456,2020-08-01 08:52:48 -0800,https://support.mozilla.org/questions/1297456,Firefox won't keep setting on My.Yahoo.Com site,"This function worked until a week ago, and still works perfectly on my laptop. It also works fine in Edge and IE. My homepage, My.Yahoo.Com is personalized with several content boxes, one of which is ""Today"" (news). Firefox either won't load the content, or it won't work properly (scrolling, etc.). I can no longer preview the individual news headlines. However, if I remove the non working content box and then add the it back, it works fine. Once I leave the page and then return, the same problem returns. My system is a desktop with WIN10 Pro 64-bit, 16gb, all latest updates, and Firefox v79.0. ",desktop;fix-problems;windows-10;firefox-790;,firefox,en-US
1297474,2020-08-01 10:34:39 -0800,https://support.mozilla.org/questions/1297474,Firefox freezes entire mac,"I have tried everything I can think of and everything I have been told on how to fix this.  I finally went back to Safari. Firefox 79.0 (64bit). I sat today and watched Firefox with ActivityMonitor running and would go from website to website seeing how often Firefox would freeze the entire mac up.  I thought it was just the mouse that was being frozen, nope, it is the entire mac.  Everything stops when this freeze occurs.  Today I experienced the longest freezes.  One lasted over 20 seconds. I will keep my eye on updates to see if this problem gets fixed.  Until then, back to Safari :-( ",desktop;fix-problems;,firefox,en-US
1297476,2020-08-01 10:43:17 -0800,https://support.mozilla.org/questions/1297476,Firefox won't start,"I have used Firefox on my Mac (Catalina 10.15.6)  for 3 years.  Yesterday I got a message:  'The application “Firefox.app” can’t be opened.'  Since then I have repeatedly deleted Firefox and all it's associated files; downloaded ver 79 and the results have been the same.  So I went to Beta ver 80 and got the same results.  As a user of Firefox since it was introduced as Mozilla, I find everything else unsatisfactory and hope someone can help ",desktop;fix-problems;,firefox,en-US
1297477,2020-08-01 10:53:08 -0800,https://support.mozilla.org/questions/1297477,Firefox is sluggish when watching videos on bilibili.com with live commenting,"I'm trying to switch from opera to Firefox, as title says, Firefox is slow when live commenting is enabled on bilibili.com when watching videos, it gets worse if you play video in full-screen mode, and CPU is about 15% higher than opera even not in full-screen. I've tested on other two similar website: douyu.com and huya.com , turns out the issue is only with bilibili.com, I found that the live comment feature is implemented by canvas on bilibili.com while the other two sites uses css3 instead, and I simply tested canvas benchmark with benchmark1 and benchmark2 and the result conforms my guess -- opera performs much better than Firefox. I've tried toggle hardware acceleration and safe mode, no significant improvement observed ",desktop;fix-problems;windows-10;firefox-790;,firefox,en-US
1297501,2020-08-01 13:47:36 -0800,https://support.mozilla.org/questions/1297501,"Browser window bleeding onto extended monitor ""white bar""","Extended desktop, two different PCs, vertical layout. Upon opening Firefox a white bar appears across the bottom of the top screen and the only way to get rid of it is to hit F11 (Fullscreen) twice. Minimizing, maximizing, restoring all have no effect - only taking it from a normal window to Fullscreen view (no menu bar or tabs), then back to a normal window works. It happens on every new window opened and it doesn't matter which display it is opened on, the bar will be there if moved to the bottom screen, until F11 is pushed for that instance of Firefox twice. This has happened before and it would seem to go away on later updates, but it is currently visible on every computer I have that has one display above another. ",desktop;fix-problems;windows-10;firefox-770;,firefox,en-US
1297503,2020-08-01 14:13:02 -0800,https://support.mozilla.org/questions/1297503,post update issues,"Firefox updated this morning for me, and now my search bar doesn't work (all search engines were cleared) and I can't find Google as an available search engine to add back.  Further, when I do get search results from whatever engine I use, when I right click and say open in a new tab, nothing happens.  Really scratching my head on this one since I've never had issues like this before. ",desktop;fix-problems;windows-10;firefox-790;,firefox,en-US
1297504,2020-08-01 14:17:23 -0800,https://support.mozilla.org/questions/1297504,Gah. Your tab just crashed.,"Hello. I am getting the ""Gah. Your tab just crashed."" error multiple times every hour. I've tried to go back and submit error reports using ""about:crashes"" as I saw on a forum, but they won't submit. Process just spins infinitely. I saw on one forum that an app called ""bitdefender"" was causing problems, but I don't have that one (I don't think). I don't see any other forum threads that relate. Any help would be tremendously appreciated! ",mac-os;desktop;fix-problems;firefox-790;,firefox,en-US
1297507,2020-08-01 15:10:51 -0800,https://support.mozilla.org/questions/1297507,Firefox full crash,Basically since about 15-30 days ago my firefox has been constantly crashing when I open new tab or even simply a link to a website... the more 'power consuming' process is the more likely it will crash. Simply browsing stuff has nearly 0 likelihood of crashing. The frequency varies - something like youtube or steam game browsing will crash with extremely high frequency and will work fine after reopened. Some text based websites will barely ever crash the firefox. What happens is either instant crash(most frequently) or infinite 'not responding' with the solution being task manager end process. Either way it happens - reopening browser reopens all tabs that were open. What I tried: 1) Cleared cache 2) Disabled all extensions. 3) Tried checking about:crashes - 0 reports there in last 30 days... meaning whenever I crash no actual crash report comes in. I am using chrome at the same time and it has 0 crashing issues under similar circumstances. ,desktop;fix-problems;needsinfo;windows-10;firefox-790;,firefox,en-US
1297515,2020-08-01 16:04:17 -0800,https://support.mozilla.org/questions/1297515,Gmail not allowing me to save a download to a specific location,"Gmail is allowing me to download a file and open it right away (either in Firefox, or in Preview etc), but if I choose to ""save file"" (to a specific location, without opening it right away), it doesn't do anything.  This is a relatively new problem, perhaps related to an update?  Has anyone else had this issue or any suggestions for how to fix it? ",mac-os;desktop;fix-problems;firefox-790;,firefox,en-US
1297531,2020-08-01 18:57:21 -0800,https://support.mozilla.org/questions/1297531,First Click on other than uncookied Twitter doesn't register,"The newest version of Firefox, 79, is the only one that's been doing this.  Every time I power up the browser, I try clicking my Twitter option, either in the bookmark bar or in the highlights, if Twitter has cookies, it won't work unless I click it a second time.  If I remove the cookies, it works the first time again, but will revert to not working the first time after power up after browsing Twitter even once. ",desktop;fix-problems;windows-10;firefox-790;,firefox,en-US
1297543,2020-08-01 21:20:13 -0800,https://support.mozilla.org/questions/1297543,add-on requests,My browser is constantly showing requests from websites to allow add-ons. Is this a virus? ,desktop;fix-problems;windows-81;firefox-790;,firefox,en-US
1297567,2020-08-02 02:32:12 -0800,https://support.mozilla.org/questions/1297567,Don't have a camera get error,"CP+[GFX1]: Potential driver version mismatch ignored due to missing DLLs igd10umd64 v= and igd10iumd64 v=  has it listed 9 times on failure log  keep having blue screens   searching for a solution don't know if this matters  Also no web cam or camera attached to this computer  one thing...probably not related  but when in safe mode videos will not play on Facebook and keep getting suggestion  to install a program, but when tried Microsoft said is not compatible with my computer. ",desktop;fix-problems;firefox-790;,firefox,en-US
1297578,2020-08-02 05:18:11 -0800,https://support.mozilla.org/questions/1297578,Can't connect to Google,"Connecting to Google-related sites like Google itself or ReCaptcha fails. Spoofing my User-Agent, deleting cookies related to google.com, using a Private Window using Safe Mode, and downloading a different fresh version of Firefox all sometimes mitigate the problem for a few minutes, then it comes back. Using Google Chrome or Microsoft Edge, there is never any problem. ",desktop;fix-problems;windows-10;firefox-790;,firefox,en-US
1297594,2020-08-02 08:31:18 -0800,https://support.mozilla.org/questions/1297594,outlook,"Since Friday night I cannot access my outlook account on my desktop.  Every time I try, it times out.  I can access it through my phone, but not through firefox ",desktop;fix-problems;windows-10;firefox-790;,firefox,en-US
1297616,2020-08-02 11:54:43 -0800,https://support.mozilla.org/questions/1297616,In big trouble...can't get e mails on any browser..always had firefox....then it,"Help me get my normal computer stuff back...i've tried everything, noone seems to be able to help me....I just lost my e mails....i never had a problem and suddenly its gone.... ",desktop;fix-problems;windows-10;firefox-790;,firefox,en-US
1297618,2020-08-02 12:04:13 -0800,https://support.mozilla.org/questions/1297618,PDF Open with Firefox Option URL Showing Computer File Path - Need to display we,"Since the new update was released I have been unable to figure out how to have the 'Open with Firefox' option for PDFs display the URL for the website and not my computer's program files. I link a number of PDFs for my work and currently need to switch to Chrome to obtain the correct link, which is unnecessary and time consuming, prompt help would be greatly appreciated! ",desktop;fix-problems;needsinfo;windows-10;firefox-790;,firefox,en-US
1297638,2020-08-02 14:57:47 -0800,https://support.mozilla.org/questions/1297638,Pocket List,"Hi Firefox Community! Earlier today, I updated to the latest version of Firefox (79.0). Now, everything I saved in Pocket (my entire list) is gone. Also, when I clicked on ""View Pocket List"", I was prompted - for the first time ever - to sign in to access it.  I'm very confused, and upset, as I had a number of web pages and articles that were very important to me.  If anyone can help, I would be truly grateful.  Thanks, Lynda ",mac-os;desktop;fix-problems;firefox-790;,firefox,en-US
1297666,2020-08-02 20:44:46 -0800,https://support.mozilla.org/questions/1297666,constantly asking to install add-ons,I keep getting requests from websites to install add-ons...is this a virus? ,desktop;fix-problems;windows-81;firefox-790;,firefox,en-US
1297674,2020-08-02 23:45:14 -0800,https://support.mozilla.org/questions/1297674,The number '2' is automatically being self typed every time I open search bar.,"Every time I open a Firefox search bar, before I type, the number '2' is getting automatically typed. This is seen in Youtube also. ",windows-7;desktop;fix-problems;firefox-790;,firefox,en-US
1297678,2020-08-03 00:47:22 -0800,https://support.mozilla.org/questions/1297678,Video Lagging at other platforms other than youtube.,"I dual booted Ubuntu 19.10  in my laptop alongside Windows 10. The videos in my Firefox browser (on Ubuntu) lags in between, it plays smoothly and after sometime it lags. The lagging is not so worse, but still it disturbs me from watching the video. If I play the same video in Windows in Firefox the video plays well.  The main problem is with the site ' www.geeksforgeeks.org '  in Ubuntu (Linux) and the same site plays well in Windows Firefox. I have tried fixes like :  1) 'set media.benchmark.vp9.fps = 0' 2) https://support.mozilla.org/en-US/questions/1245735 but they didn't work. System specs : 8gb of RAM 4gb of Dedicated Graphics card of AMD Radeon RX 560X AMD Ryzen 5-3550H processor ",linux;desktop;fix-problems;firefox-690;,firefox,en-US
1297691,2020-08-03 02:58:08 -0800,https://support.mozilla.org/questions/1297691,Specific website crashes PC when using Firefox but not Chrome,"Windows 7 Pro 64bit Athlon Phonom II X555 12GB DDR2 Asus M4A88T-V EVO/USB3 motherboard with integrated graphics Firefox 79.0 64bit (updated from a previous version but I did not make note of the previous version number) Whenever I go to the login page at this site: https://community.ui.com/ using Firefox, my computer blue screens. Sometimes I will see the demo animation in on the right get all garbled and if I close FF quickly, no blue screen. Other times my whole screen just goes blank before I have a chance to do anything and then the blue screen. This does not happen with Chrome or Edge. These are 100% repeatable. ALWAYS with Firefox, NEVER with Chrome or Edge. Blue screen logs show errors related to atikmpag.sys (my graphics driver) and dxgkrnl.sys (DirectX). I checked for a graphics driver update; there was none. So I uninstalled and reinstalled using a fresh download from the motherboard manufacturer's website (using embedded graphics, no discreet GPU in this system). Did not solve the issue. I don't re...",windows-7;desktop;fix-problems;firefox-790;,firefox,en-US
1297696,2020-08-03 03:23:56 -0800,https://support.mozilla.org/questions/1297696,"Firefox ""Not Responding"" for 2 Days","Every time I try to open Firefox, I get a ""Not Responding"" message.  I've attempted to open it in ""Safe Mode"" but I keep getting same ""Not Responding.""  I want to avoid ""Refresh,"" because I will lose extensions, etc.  I also restarted twice, but still have problem.  Any advice? ",desktop;fix-problems;,firefox,en-US
1297698,2020-08-03 03:56:10 -0800,https://support.mozilla.org/questions/1297698,Firefox + windows 10 + full screen,"Hi all! I have a bug with firefox, when i switch to full screen, firefox window is bigger than the screen! wtf??? Any help? Ty by avance! ",desktop;fix-problems;windows-10;firefox-790;,firefox,en-US
1297700,2020-08-03 04:35:31 -0800,https://support.mozilla.org/questions/1297700,PR_END_OF_FILE_ERROR,PR_END_OF_FILE_ERROR ,windows-7;desktop;fix-problems;firefox-790;,firefox,en-US
1297710,2020-08-03 06:21:57 -0800,https://support.mozilla.org/questions/1297710,accessibility.blockautorefresh What is that exactly?,Hi i want to know what this switch of about:config do exactly? ,windows-7;desktop;fix-problems;firefox-790;,firefox,en-US
1297712,2020-08-03 06:36:51 -0800,https://support.mozilla.org/questions/1297712,pictures ot shown,"Hi, Since updating to the latest Firefox for MacOs (79.0-64bit), the pictures on this website: (https://www.marktplaats.nl/) do not load. I tried with Safari: no problem. What's going on? Dennis ",mac-os;desktop;fix-problems;firefox-790;,firefox,en-US
1297734,2020-08-03 08:36:32 -0800,https://support.mozilla.org/questions/1297734,Can't add vidéos to my youtube playlists,"The ""add to playlist"" button under the youtube videos doesn't have any effect anymore (began one week ago), and the left menu tells to connect to my youtube account, however I'm already connected. It's the same if I deactivate all the firefox extensions. No problem on Chrome. ",desktop;fix-problems;windows-10;firefox-790;,firefox,en-US
1297737,2020-08-03 09:04:49 -0800,https://support.mozilla.org/questions/1297737,Apple Music No Sound - - Adamid: Null Not Found,"Windows 10  Firefox Browser  I don't get any sound past the first 4 or 5 songs on Apple Music.  When I try to use Apple Music, the graphic indicates that the track is playing but there is no sound.  When I click on the track to stop it, I get the following message. Adamid: Null Not Found I do not have this problem with YouTube. ",desktop;fix-problems;windows-10;firefox-790;,firefox,en-US
1297744,2020-08-03 09:51:28 -0800,https://support.mozilla.org/questions/1297744,Can't comment on Youtube,"Youtube writes ""Returned error"" under the comments I try to post. Works well on Chrome. ",desktop;fix-problems;windows-10;firefox-790;,firefox,en-US
1297749,2020-08-03 10:16:33 -0800,https://support.mozilla.org/questions/1297749,can't access websites (PR_END_OF_FILE_ERROR),I can't access to any websites without vpn and it show PR_END_OF_FILE_ERROR ,desktop;fix-problems;windows-10;firefox-790;,firefox,en-US
1297763,2020-08-03 11:52:59 -0800,https://support.mozilla.org/questions/1297763,No audio with Firefox,"I am using Windows 10 Pro 64 Bit and Firefox 79.0 (64 Bit) When playing e.g. Youtube videos with Firefox, I can't hear any sound. Playing MP3 files via Mediaplayer sounds OK. The same Youtube videos using Chrome, Edge or Internet Explorer sound properly. Could an update be the reason for this behaviour? This fault occurred since a few weeks. ",desktop;fix-problems;windows-10;firefox-790;,firefox,en-US
1297766,2020-08-03 12:46:12 -0800,https://support.mozilla.org/questions/1297766,Can't upload videos on twitter,"Every time i try to upload a video on twitter, I get the error from the 1st image. Videos work fine, only uploading to twitter doesn't work I have tried: - installing ubuntu-restricted-extras and x264 - installing the addon ""HTML5 Everywhere"" - installing/uninstalling flash - enabling/disabling hardware acceleration My laptop's specs are in the 2nd image ",linux;desktop;fix-problems;firefox-790;,firefox,en-US
1297769,2020-08-03 13:34:13 -0800,https://support.mozilla.org/questions/1297769,firefox keeps spiining,"can someone help me solve this problem? I have tried all I could but cant come up to the solution, when Firefox keeps spinning after a few minutes of working well-see the pic attached ",desktop;fix-problems;windows-10;firefox-790;,firefox,en-US
1297774,2020-08-03 13:56:54 -0800,https://support.mozilla.org/questions/1297774,Displaying Google maps problem,Firefox 79 does not display google maps traffic  and does not display routes when using direction function. ,windows-7;desktop;fix-problems;firefox-790;,firefox,en-US
1297780,2020-08-03 14:39:52 -0800,https://support.mozilla.org/questions/1297780,Firefox 79 is extremely slow,"Since upgrading to Firefox 79 many Web pages are noticeably, irritatingly slower:  Slow to load, and especially for interactive pages (Javascript, etc), slow to respond.  Some are teeth-grindingly, give-up-on-Firefox slow. I've downgraded twice to Firefox 77 and the slowness went away, but that isn't a choice anymore on my work computer. Please get rid of whatever ""improvements"" have ruined version 79 and restore the performance of my preferred browser. ",desktop;fix-problems;windows-10;firefox-790;,firefox,en-US
1297786,2020-08-03 15:12:02 -0800,https://support.mozilla.org/questions/1297786,Need to completely remove all traces of Firefox from windows.,"Hello, I need to remove all traces of Firefox from windows as I am have so many problems with Firefox, have so many old versions installed on top of one other.  Need to remove all traces from the registry as well. Any help would be appreciated. Thanks Matthew ",desktop;fix-problems;,firefox,en-US
1297787,2020-08-03 15:26:52 -0800,https://support.mozilla.org/questions/1297787,"Youtube 15+ sec. Freezes with VP9,no problem with h264 but limited in quality.","Hey, for a while now i got a problem with firefox on my PC. I watch a lot of youtube but have the issue that the Videos freeze for 15+ seconds every few seconds if i use the standard VP9 codec. If i switch to h264 via the H264ify addon it works like it should but i'm limited to 1080p (since youtube removed support for 1440p+ on h264)  CPU is a i5 4690k GTX 970 16GB Ram. Addons: h264ify ublock i don't care about cookies Popup blocker. I've disbabled all addons but with the same result. Videos on Edge run perfect, even with the VP9 codec.  I've switched several things in the about:config settings found on other websites without solution. (i would list them if i knew what thread they were in) ",desktop;fix-problems;windows-10;firefox-760;,firefox,en-US
1297788,2020-08-03 15:35:18 -0800,https://support.mozilla.org/questions/1297788,The sooner I sign in the web page becomes blank,If I clean install and don't sign in everything works fine but the sooner I sign in the web pages become blank I am talking about clean every tiny bit from the regedit.exe my self manually. As long as I don't sign in everything is a charm but not after I sign in. The private mode works fine ,desktop;fix-problems;windows-10;firefox-790;,firefox,en-US
