url,tags
https://support.mozilla.org/questions/1274136,firefox-700;customize;desktop;windows-10;
https://support.mozilla.org/questions/1274137,bookmarks;firefox-700;desktop;windows-10;
https://support.mozilla.org/questions/1274139,firefox-700;desktop;fix-problems;windows-10;
https://support.mozilla.org/questions/1274144,bookmarks;firefox-700;desktop;windows-10;
https://support.mozilla.org/questions/1274145,other;firefox-700;firefox-7001;desktop;windows-10;
https://support.mozilla.org/questions/1274148,firefox-700;customize;desktop;firefox-7001;windows-10;
https://support.mozilla.org/questions/1274150,firefox-700;desktop;fix-problems;windows-10;
https://support.mozilla.org/questions/1274151,download-and-install_1;desktop;needsinfo;
https://support.mozilla.org/questions/1274152,websites;firefox-700;firefox-7001;desktop;
https://support.mozilla.org/questions/1274158,bookmarks;firefox-700;desktop;windows-10;
https://support.mozilla.org/questions/1274159,privacy-and-security_1;firefox-700;desktop;
https://support.mozilla.org/questions/1274160,websites;firefox-700;firefox-7001;desktop;windows-10;
https://support.mozilla.org/questions/1274163,firefox-700;firefox-7001;desktop;fix-problems;
https://support.mozilla.org/questions/1274164,firefox-710;desktop;fix-problems;windows-10;troubleshootingdetailsmissing;
https://support.mozilla.org/questions/1274166,firefox-700;customize;desktop;windows-10;
https://support.mozilla.org/questions/1274168,firefox-710;customize;desktop;windows-7;userchromecss;unsuppportedhacks;unsupported;unsupporteduserchromecss;tabsonbottom;tabsonbottom71;
https://support.mozilla.org/questions/1274169,firefox-700;firefox-7001;desktop;fix-problems;windows-7;
https://support.mozilla.org/questions/1274170,websites;firefox-700;firefox-7001;desktop;windows-10;
https://support.mozilla.org/questions/1274172,firefox-700;desktop;fix-problems;windows-10;escalate;
https://support.mozilla.org/questions/1274173,firefox-710;other;desktop;windows-7;
https://support.mozilla.org/questions/1274175,firefox-710;websites;desktop;windows-7;disqus;notafirefoxproblem;add-ons-problem;add-ons;
https://support.mozilla.org/questions/1274176,firefox-700;other;desktop;windows-7;needsinfo;
https://support.mozilla.org/questions/1274177,other;beta;firefox-720;desktop;mac-os;
https://support.mozilla.org/questions/1274178,firefox-710;customize;desktop;windows-7;roboform;troubleshootingdetailsmissing;probablynotafirefoxproblem;add-ons;
https://support.mozilla.org/questions/1274184,other;desktop;needsinfo;troubleshootingdetailsmissing;streamingaudio;streaming;
https://support.mozilla.org/questions/1274185,tabs;firefox-710;desktop;windows-10;tabsonbottom;tabsonbottom71;
https://support.mozilla.org/questions/1274186,firefox-710;sync;desktop;windows-10;
https://support.mozilla.org/questions/1274188,websites;beta;firefox-720;desktop;windows-10;
https://support.mozilla.org/questions/1274192,privacy-and-security_1;firefox-700;firefox-7001;desktop;windows-7;
https://support.mozilla.org/questions/1274194,privacy-and-security_1;firefox-700;firefox-7001;desktop;windows-10;
https://support.mozilla.org/questions/1274195,other;desktop;windows-7;
https://support.mozilla.org/questions/1274196,firefox-710;desktop;fix-problems;windows-81;
https://support.mozilla.org/questions/1274197,firefox-710;customize;desktop;windows-10;tabsonbottom;tabsonbottom71;
https://support.mozilla.org/questions/1274198,privacy-and-security_1;firefox-700;desktop;
https://support.mozilla.org/questions/1274201,firefox-700;other;desktop;mac-os;
https://support.mozilla.org/questions/1274205,firefox-710;desktop;fix-problems;windows-10;mozilla-maintenance-service;
https://support.mozilla.org/questions/1274207,download-and-install_1;firefox-710;desktop;mac-os;
https://support.mozilla.org/questions/1274212,websites;firefox-700;desktop;windows-10;
https://support.mozilla.org/questions/1274217,firefox-710;desktop;fix-problems;windows-10;
https://support.mozilla.org/questions/1274219,firefox-710;desktop;fix-problems;escalate;mac-os-1014;
https://support.mozilla.org/questions/1274221,bookmarks;firefox-710;desktop;windows-10;needsinfo;
https://support.mozilla.org/questions/1274224,firefox-680;customize;desktop;mac-os;update;
https://support.mozilla.org/questions/1274225,firefox-710;websites;desktop;windows-10;
https://support.mozilla.org/questions/1274226,firefox-700;firefox-7001;desktop;fix-problems;windows-10;
https://support.mozilla.org/questions/1274227,bookmarks;desktop;escalate;dataloss;
https://support.mozilla.org/questions/1274228,websites;firefox-700;desktop;linux;webdev;
https://support.mozilla.org/questions/1274229,download-and-install_1;firefox-710;desktop;windows-10;
https://support.mozilla.org/questions/1274230,firefox-710;websites;desktop;windows-7;facebook;
https://support.mozilla.org/questions/1274232,firefox-710;customize;desktop;linux;
https://support.mozilla.org/questions/1274235,desktop;fix-problems;
https://support.mozilla.org/questions/1274236,bookmarks;firefox-700;desktop;windows-10;
https://support.mozilla.org/questions/1274238,firefox-710;desktop;fix-problems;windows-7;
https://support.mozilla.org/questions/1274239,bookmarks;firefox-710;desktop;windows-10;
https://support.mozilla.org/questions/1274240,privacy-and-security_1;firefox-710;desktop;linux;
https://support.mozilla.org/questions/1274244,firefox-710;other;desktop;windows-7;
https://support.mozilla.org/questions/1274245,tips;firefox-700;desktop;windows-10;
https://support.mozilla.org/questions/1274247,tabs;firefox-710;desktop;windows-10;
https://support.mozilla.org/questions/1274248,desktop;fix-problems;windows-10;firefox-710;bug1590430;comodo;comodo71;comodoproblem;notafirefoxproblem;
https://support.mozilla.org/questions/1274249,firefox-710;other;desktop;windows-10;
https://support.mozilla.org/questions/1274251,tabs;firefox-710;desktop;windows-10;
https://support.mozilla.org/questions/1274252,firefox-710;desktop;fix-problems;windows-81;logitechg560;audio;
https://support.mozilla.org/questions/1274254,privacy-and-security_1;desktop;mac;
https://support.mozilla.org/questions/1274257,firefox-710;websites;desktop;mac-os;gmail;webmail;webmailattachments;mailattachment;attachments;
https://support.mozilla.org/questions/1274258,firefox-710;customize;desktop;windows-10;
https://support.mozilla.org/questions/1274259,firefox-710;other;desktop;windows-7;
https://support.mozilla.org/questions/1274260,beta;firefox-720;desktop;fix-problems;windows-10;
https://support.mozilla.org/questions/1274261,firefox-710;customize;desktop;windows-10;
https://support.mozilla.org/questions/1274262,firefox-700;customize;desktop;windows-10;
https://support.mozilla.org/questions/1274263,firefox-680;other;desktop;windows-10;aboutconfig;configeditor;configeditor71;notafirefoxproblem;
https://support.mozilla.org/questions/1274264,privacy-and-security_1;firefox-700;desktop;windows-10;
https://support.mozilla.org/questions/1274265,bookmarks;firefox-710;desktop;windows-7;
https://support.mozilla.org/questions/1274266,sync;desktop;
https://support.mozilla.org/questions/1274267,desktop;fix-problems;windows;
https://support.mozilla.org/questions/1274268,download-and-install_1;firefox-710;desktop;windows-7;
https://support.mozilla.org/questions/1274270,firefox-710;other;desktop;windows-10;
https://support.mozilla.org/questions/1274272,firefox-680;other;desktop;windows-10;off-topic;
https://support.mozilla.org/questions/1274275,privacy-and-security_1;desktop;tls;tls10;tls11;tlsmarch2020;tlsdeprecation;
https://support.mozilla.org/questions/1274280,firefox-710;desktop;fix-problems;windows-10;
https://support.mozilla.org/questions/1274281,firefox-710;other;desktop;linux;userchromecss;unsuppportedhacks;unsupporteduserchromecss;horizontalbar;
https://support.mozilla.org/questions/1274282,firefox-710;desktop;fix-problems;windows-10;costcocom;probablynotafirefoxproblem;webcompat;
https://support.mozilla.org/questions/1274283,firefox-710;other;desktop;windows-10;
https://support.mozilla.org/questions/1274284,other;firefox-700;firefox-7001;desktop;mac-os;
https://support.mozilla.org/questions/1274285,privacy-and-security_1;firefox-710;desktop;windows-7;
https://support.mozilla.org/questions/1274286,privacy-and-security_1;firefox-710;desktop;windows-7;
https://support.mozilla.org/questions/1274287,privacy-and-security_1;firefox-700;desktop;mac-os;
https://support.mozilla.org/questions/1274288,tabs;desktop;windows-10;
https://support.mozilla.org/questions/1274290,desktop;fix-problems;windows-10;
https://support.mozilla.org/questions/1274291,firefox-710;other;desktop;windows-7;
https://support.mozilla.org/questions/1274293,websites;desktop;
https://support.mozilla.org/questions/1274296,desktop;fix-problems;windows-10;ssl;needsinfo;
https://support.mozilla.org/questions/1274298,other;firefox-6502;desktop;firefox-650;windows-10;purevpn;pleasedonotrant;troubleshootingdetailsmissing;probablynotafirefoxproblem;
https://support.mozilla.org/questions/1274300,websites;firefox-700;desktop;windows-10;
https://support.mozilla.org/questions/1274301,other;firefox-700;firefox-7001;desktop;mac-os;
https://support.mozilla.org/questions/1274304,firefox-710;other;desktop;windows-10;twofa;recovery-key;
https://support.mozilla.org/questions/1274305,firefox-710;customize;desktop;windows-10;
https://support.mozilla.org/questions/1274306,other;firefox-700;firefox-7001;desktop;windows-10;adblockplus;probablynotafirefoxproblem;
https://support.mozilla.org/questions/1274309,firefox-710;customize;desktop;unsupportedhacks;unsuppported;unsupporteduserchromecss;userchromecss;toolbarspacing;toolbarspacing71;
https://support.mozilla.org/questions/1274311,bookmarks;firefox-700;desktop;windows-7;escalate;needsinfo;
https://support.mozilla.org/questions/1274312,tabs;firefox-710;desktop;windows-10;disablemiddleclicktabbar;disablemiddleclicktabbar71;unsuppportedhacks;unsuppported;unsupporteduserchromecss;userchromecss;
https://support.mozilla.org/questions/1274313,privacy-and-security_1;beta;firefox-720;desktop;windows-10;webcompat;idmsaapplecom;xframeoptionspolicy;probablynotafirefoxproblem;
https://support.mozilla.org/questions/1274314,download-and-install_1;firefox-710;desktop;windows-10;troubleshootingdetailsmissing;
https://support.mozilla.org/questions/1274315,firefox-710;sync;desktop;windows-10;bookmarks;firefox-accounts;
https://support.mozilla.org/questions/1274321,firefox-710;customize;desktop;windows-10;
https://support.mozilla.org/questions/1274322,firefox-710;other;desktop;mac-os;certificates;
https://support.mozilla.org/questions/1274324,desktop;fix-problems;bug1590430;comodoproblem;comodo;comodo71;notafirefoxproblem;
https://support.mozilla.org/questions/1274328,firefox-710;websites;desktop;windows-10;elementor;facebook;facebookwidgets;
https://support.mozilla.org/questions/1274329,download-and-install_1;firefox-680;desktop;windows-10;
https://support.mozilla.org/questions/1274330,websites;firefox-700;desktop;windows-10;
https://support.mozilla.org/questions/1274331,firefox-710;desktop;fix-problems;windows-10;czech;spellchecker;czechspellchecker;
https://support.mozilla.org/questions/1274332,firefox-700;cookies;firefox-7001;desktop;windows-10;
https://support.mozilla.org/questions/1274333,firefox-710;customize;desktop;windows-10;needsinfo;bug1601791;
https://support.mozilla.org/questions/1274334,firefox-710;websites;desktop;windows-10;whatsapp;
https://support.mozilla.org/questions/1274335,firefox-710;other;desktop;mac-os;yahoomail;webmail;
https://support.mozilla.org/questions/1274336,firefox-710;websites;desktop;mac-os;notafirefoxproblem;duckduckgo-privacy-essentials-problem;duckduckgo-problem;duckduckgo;
https://support.mozilla.org/questions/1274338,firefox-710;other;desktop;windows-10;escalate;bug_1;surfacepro;audio;troubleshootingdetailsmissing;
https://support.mozilla.org/questions/1274339,firefox-710;customize;desktop;windows-10;autoplay;disableautoplay;troubleshootingdetailsmissing;
https://support.mozilla.org/questions/1274341,firefox-710;sync;desktop;windows-10;firefox-accounts;verificationemail;
https://support.mozilla.org/questions/1274342,firefox-710;other;desktop;windows-7;escalate;instagram;add-ons;ighelper;
https://support.mozilla.org/questions/1274345,privacy-and-security_1;firefox-710;desktop;windows-10;firefox-accounts;
https://support.mozilla.org/questions/1274346,firefox-710;other;desktop;mac-os;
https://support.mozilla.org/questions/1274347,firefox-710;other;desktop;windows-7;aolemail;aol;probablynotafirefoxproblem;
https://support.mozilla.org/questions/1274350,firefox-680;desktop;tips;windows-10;
https://support.mozilla.org/questions/1274351,firefox-710;desktop;fix-problems;windows-7;notafirefoxproblem;
https://support.mozilla.org/questions/1274353,other;desktop;windows;
https://support.mozilla.org/questions/1274355,privacy-and-security_1;firefox-710;desktop;windows-7;
https://support.mozilla.org/questions/1274356,firefox-710;sync;desktop;windows-10;
https://support.mozilla.org/questions/1274358,firefox-700;desktop;fix-problems;windows-10;
https://support.mozilla.org/questions/1274361,desktop;fix-problems;probablynotafirefoxproblem;
https://support.mozilla.org/questions/1274363,download-and-install_1;firefox-700;desktop;windows-10;
https://support.mozilla.org/questions/1274365,firefox-710;customize;desktop;windows-10;
https://support.mozilla.org/questions/1274366,bookmarks;firefox-710;desktop;windows-10;
https://support.mozilla.org/questions/1274367,firefox-710;other;desktop;windows-10;keyboardshortcuts;escalate;
https://support.mozilla.org/questions/1274368,firefox-710;sync;desktop;windows-10;escalate;
https://support.mozilla.org/questions/1274369,firefox-700;other;desktop;linux;
https://support.mozilla.org/questions/1274373,websites;desktop;
https://support.mozilla.org/questions/1274374,download-and-install_1;firefox-450;desktop;mac-os-x-1068;
https://support.mozilla.org/questions/1274376,firefox-710;other;desktop;
https://support.mozilla.org/questions/1274377,firefox-700;other;desktop;windows-7;
https://support.mozilla.org/questions/1274380,other;desktop;bug_1;download-and-install;
https://support.mozilla.org/questions/1274382,firefox-700;desktop;fix-problems;linux;fedora;fedora31;
https://support.mozilla.org/questions/1274384,privacy-and-security_1;firefox-710;desktop;windows-10;
https://support.mozilla.org/questions/1274386,websites;firefox-700;firefox-7001;desktop;windows-10;
https://support.mozilla.org/questions/1274391,firefox-710;sync;desktop;mac-os-x-109;
https://support.mozilla.org/questions/1274393,firefox-710;other;desktop;windows-7;
https://support.mozilla.org/questions/1274395,firefox-680;sync;desktop;
https://support.mozilla.org/questions/1274396,firefox-710;websites;desktop;windows-10;
https://support.mozilla.org/questions/1274397,firefox-710;customize;desktop;windows-10;
https://support.mozilla.org/questions/1274399,firefox-710;customize;desktop;windows-7;
https://support.mozilla.org/questions/1274400,firefox-710;customize;desktop;windows-7;
https://support.mozilla.org/questions/1274401,firefox-700;desktop;fix-problems;windows-10;lowmemory;
https://support.mozilla.org/questions/1274402,download-and-install_1;firefox-700;desktop;windows-10;
https://support.mozilla.org/questions/1274404,firefox-710;customize;desktop;windows-7;
https://support.mozilla.org/questions/1274405,desktop;fix-problems;escalate;download-and-install;crashes;troubleshootingdetailsmissing;
https://support.mozilla.org/questions/1274406,firefox-710;customize;desktop;windows-10;
https://support.mozilla.org/questions/1274407,desktop;fix-problems;windows-7;logitech;logitechcameraproblem;notafirefoxproblem;logitechcamera;logitechcamera71;
https://support.mozilla.org/questions/1274409,firefox-700;customize;desktop;linux;
https://support.mozilla.org/questions/1274410,bookmarks;firefox-700;firefox-7001;desktop;windows-10;
https://support.mozilla.org/questions/1274411,desktop;fix-problems;crashes;
https://support.mozilla.org/questions/1274414,firefox-710;other;desktop;windows-10;oligarchpassword;
https://support.mozilla.org/questions/1274416,firefox-710;customize;desktop;windows-10;tabs;tabsonbottom71;tabsonbottom;
https://support.mozilla.org/questions/1274417,
https://support.mozilla.org/questions/1274418,firefox-700;desktop;fix-problems;windows-10;probablynotafirefoxproblem;
https://support.mozilla.org/questions/1274420,firefox-710;customize;desktop;windows-10;
https://support.mozilla.org/questions/1274421,firefox-710;customize;desktop;windows-10;
https://support.mozilla.org/questions/1274422,firefox-700;customize;desktop;firefox-7001;mac-os;searchenginehijack;probablynotafirefoxproblem;
https://support.mozilla.org/questions/1274423,firefox-710;customize;desktop;
https://support.mozilla.org/questions/1274427,firefox-710;sync;desktop;mac-os;
https://support.mozilla.org/questions/1274430,firefox-710;other;desktop;windows-10;synologynas;
https://support.mozilla.org/questions/1274431,firefox-700;sync;desktop;linux;escalate;syncerr;notafirefoxproblem;
https://support.mozilla.org/questions/1274432,firefox-710;other;desktop;windows-7;screenshots;
https://support.mozilla.org/questions/1274434,privacy-and-security_1;firefox-700;desktop;windows-10;certificates;probablynotafirefoxproblem;
https://support.mozilla.org/questions/1274436,bookmarks;firefox-710;desktop;mac-os;
https://support.mozilla.org/questions/1274437,firefox-710;desktop;fix-problems;windows-81;
https://support.mozilla.org/questions/1274438,firefox-700;customize;desktop;windows-10;
https://support.mozilla.org/questions/1274439,firefox-680;other;desktop;windows-10;
https://support.mozilla.org/questions/1274441,firefox-710;cookies;desktop;windows-10;
https://support.mozilla.org/questions/1274442,privacy-and-security_1;firefox-710;desktop;windows-10;needsinfo;
https://support.mozilla.org/questions/1274444,firefox-710;customize;desktop;windows-10;
https://support.mozilla.org/questions/1274447,websites;firefox-700;firefox-7001;desktop;windows-10;
https://support.mozilla.org/questions/1274449,websites;firefox-700;desktop;mac-os;
https://support.mozilla.org/questions/1274450,tabs;firefox-710;desktop;windows-10;unsuppportedhacks;unsuppported;unsupporteduserchromecss;userchromecss;
https://support.mozilla.org/questions/1274451,fix-problems;firefox-6502;desktop;firefox-650;windows-7;bug1590430;comodo;comodo71;notafirefoxproblem;comodoproblem;
https://support.mozilla.org/questions/1274453,firefox-710;websites;desktop;windows-10;
https://support.mozilla.org/questions/1274455,firefox-710;customize;desktop;windows-7;
https://support.mozilla.org/questions/1274456,firefox-710;websites;desktop;windows-10;
https://support.mozilla.org/questions/1274461,customize;desktop;
https://support.mozilla.org/questions/1274462,firefox-710;customize;desktop;mac-os;
https://support.mozilla.org/questions/1274464,download-and-install_1;desktop;windows-10;download-and-install;
https://support.mozilla.org/questions/1274465,firefox-710;other;desktop;windows-10;
https://support.mozilla.org/questions/1274466,firefox-700;other;desktop;linux;
https://support.mozilla.org/questions/1274468,firefox-710;websites;desktop;mac-os;
https://support.mozilla.org/questions/1274470,firefox-710;other;desktop;windows-10;
https://support.mozilla.org/questions/1274471,privacy-and-security_1;firefox-710;desktop;windows-7;
https://support.mozilla.org/questions/1274472,desktop;fix-problems;
https://support.mozilla.org/questions/1274473,firefox-710;customize;desktop;windows-10;
https://support.mozilla.org/questions/1274474,firefox-710;desktop;fix-problems;windows-10;
https://support.mozilla.org/questions/1274476,firefox-710;customize;desktop;windows-10;
https://support.mozilla.org/questions/1274477,
https://support.mozilla.org/questions/1274478,desktop;fix-problems;windows-10;firefox-710;bug_1;
https://support.mozilla.org/questions/1274480,firefox-710;customize;desktop;windows-10;
https://support.mozilla.org/questions/1274481,firefox-710;customize;desktop;windows-7;tabfontbold;tabfontbold71;userchromecss;unsupporteduserchromecss;unsupported;unsuppportedhacks;
https://support.mozilla.org/questions/1274482,firefox-700;customize;desktop;
https://support.mozilla.org/questions/1274483,firefox-710;other;desktop;mac-os;
https://support.mozilla.org/questions/1274484,bookmarks;firefox-710;desktop;
https://support.mozilla.org/questions/1274485,tabs;firefox-710;desktop;windows-81;tabsonbottom;tabsonbottom71;hacks;unsuppportedhacks;unsupporteduserchromecss;userchromecss;
https://support.mozilla.org/questions/1274487,firefox-710;desktop;fix-problems;windows-10;
https://support.mozilla.org/questions/1274488,download-and-install_1;firefox-710;desktop;windows-10;
https://support.mozilla.org/questions/1274489,firefox-710;websites;desktop;windows-10;ssa;probablynotafirefoxproblem;
https://support.mozilla.org/questions/1274490,privacy-and-security_1;firefox-710;desktop;windows-10;probablynotafirefoxproblem;
https://support.mozilla.org/questions/1274491,firefox-700;customize;desktop;firefox-7001;linux;
https://support.mozilla.org/questions/1274493,other;firefox-700;firefox-7001;desktop;mac-os-x-1010;
https://support.mozilla.org/questions/1274494,firefox-710;other;desktop;windows-10;tabsonbottom71;tabsonbottom;tabs;unsuppported;unsuppportedhacks;userchromecss;unsupporteduserchromecss;
https://support.mozilla.org/questions/1274495,firefox-710;other;desktop;windows-7;
https://support.mozilla.org/questions/1274496,firefox-710;desktop;fix-problems;windows-7;notafirefoxproblem;
https://support.mozilla.org/questions/1274497,firefox-710;other;desktop;windows-10;
https://support.mozilla.org/questions/1274499,firefox-710;desktop;fix-problems;windows-7;
https://support.mozilla.org/questions/1274500,firefox-710;customize;desktop;mac-os;
https://support.mozilla.org/questions/1274501,privacy-and-security_1;firefox-710;desktop;windows-10;
https://support.mozilla.org/questions/1274502,firefox-700;other;desktop;windows-7;needsinfo;
https://support.mozilla.org/questions/1274503,firefox-710;other;desktop;windows-10;pleasedonotrant;
https://support.mozilla.org/questions/1274505,firefox-710;websites;desktop;windows-10;
https://support.mozilla.org/questions/1274508,privacy-and-security_1;firefox-710;desktop;windows-10;bug1582023;
https://support.mozilla.org/questions/1274510,firefox-700;other;desktop;windows-10;
https://support.mozilla.org/questions/1274511,firefox-710;other;desktop;windows-10;certificates;
https://support.mozilla.org/questions/1274512,firefox-710;desktop;fix-problems;windows-10;
https://support.mozilla.org/questions/1274513,firefox-710;websites;desktop;windows-10;
https://support.mozilla.org/questions/1274516,firefox-710;customize;desktop;windows-10;troubleshootingdetailsmissing;
https://support.mozilla.org/questions/1274518,firefox-550;firefox-5501;customize;desktop;mac-os;
https://support.mozilla.org/questions/1274520,firefox-680;other;desktop;linux;
https://support.mozilla.org/questions/1274523,tabs;firefox-710;desktop;windows-81;
https://support.mozilla.org/questions/1274525,firefox-700;other;desktop;mac-os;
https://support.mozilla.org/questions/1274526,tabs;firefox-710;desktop;windows-10;
https://support.mozilla.org/questions/1274529,websites;firefox-700;desktop;linux;
https://support.mozilla.org/questions/1274533,desktop;fix-problems;windows-7;bug1590430;comodo;comodo71;comodoproblem;notafirefoxproblem;
https://support.mozilla.org/questions/1274534,desktop;fix-problems;windows-7;
https://support.mozilla.org/questions/1274536,firefox-710;customize;desktop;
https://support.mozilla.org/questions/1274539,other;desktop;escalate;spam;
https://support.mozilla.org/questions/1274541,other;desktop;windows-7;webextension;extension;localstorage;
https://support.mozilla.org/questions/1274542,firefox-710;desktop;fix-problems;windows-7;
https://support.mozilla.org/questions/1274543,download-and-install_1;desktop;windows-10;
https://support.mozilla.org/questions/1274545,firefox-710;customize;desktop;mac-os;
https://support.mozilla.org/questions/1274546,firefox-710;sync;desktop;mac-os;
https://support.mozilla.org/questions/1274547,firefox-710;sync;desktop;linux;
https://support.mozilla.org/questions/1274550,firefox-710;desktop;fix-problems;windows-7;
https://support.mozilla.org/questions/1274551,privacy-and-security_1;firefox-710;desktop;windows-7;
https://support.mozilla.org/questions/1274552,firefox-710;desktop;fix-problems;windows-7;escalate;needsinfo;pleasedonotrant;googlevoice;probablynotafirefoxproblem;
https://support.mozilla.org/questions/1274555,firefox-710;customize;desktop;linux;
https://support.mozilla.org/questions/1274556,fedora31;add-ons;
https://support.mozilla.org/questions/1274557,firefox-680;customize;desktop;linux;
https://support.mozilla.org/questions/1274559,tabs;firefox-710;desktop;windows-10;
https://support.mozilla.org/questions/1274563,firefox-710;sync;desktop;windows-10;
https://support.mozilla.org/questions/1274565,firefox-710;desktop;fix-problems;windows-10;emby;probablynotafirefoxproblem;
https://support.mozilla.org/questions/1274568,privacy-and-security_1;firefox-710;desktop;windows-10;youtube;multiaccountcontainers;
https://support.mozilla.org/questions/1274571,firefox-710;sync;desktop;windows-10;
https://support.mozilla.org/questions/1274572,firefox-710;sync;desktop;windows-10;
https://support.mozilla.org/questions/1274574,firefox-710;desktop;fix-problems;macos-1015;escalate;picture;notafirefoxproblem;
https://support.mozilla.org/questions/1274575,firefox-700;customize;desktop;windows-7;
https://support.mozilla.org/questions/1274576,download-and-install_1;firefox-700;desktop;linux;flash-problem;
https://support.mozilla.org/questions/1274577,
https://support.mozilla.org/questions/1274578,tabs;firefox-710;desktop;mac-os;
https://support.mozilla.org/questions/1274579,customize;desktop;windows-10;
https://support.mozilla.org/questions/1274580,firefox-710;customize;desktop;windows-10;needsinfo;
https://support.mozilla.org/questions/1274583,firefox-710;desktop;fix-problems;windows-10;escalate;outofmemory;
https://support.mozilla.org/questions/1274584,firefox-710;desktop;fix-problems;linux;troubleshootingdetailsmissing;
https://support.mozilla.org/questions/1274585,firefox-710;other;desktop;windows-7;unclearquestion;
https://support.mozilla.org/questions/1274586,firefox-700;customize;desktop;linux;
https://support.mozilla.org/questions/1274587,firefox-710;sync;desktop;
https://support.mozilla.org/questions/1274589,firefox-710;customize;desktop;windows-10;
https://support.mozilla.org/questions/1274592,bookmarks;firefox-700;desktop;windows-10;
https://support.mozilla.org/questions/1274593,firefox-710;sync;desktop;windows-10;
https://support.mozilla.org/questions/1274594,firefox-710;customize;desktop;windows-10;
https://support.mozilla.org/questions/1274596,firefox-710;customize;desktop;windows-7;add-ons;
https://support.mozilla.org/questions/1274597,desktop;fix-problems;escalate;probablynotafirefoxproblem;
https://support.mozilla.org/questions/1274599,firefox-710;websites;desktop;windows-10;uscellularcom;webcompat;
https://support.mozilla.org/questions/1274600,firefox-710;customize;desktop;windows-10;unsuppportedhacks;unsupporteduserchromecss;userchromecss;unsupported;tabsonbottom71;tabsonbottom;
https://support.mozilla.org/questions/1274601,desktop;fix-problems;needsinfo;troubleshootingdetailsmissing;
https://support.mozilla.org/questions/1274602,privacy-and-security_1;firefox-710;desktop;windows-10;probablynotafirefoxproblem;
https://support.mozilla.org/questions/1274603,firefox-710;other;desktop;
https://support.mozilla.org/questions/1274604,firefox-710;other;desktop;windows-7;
https://support.mozilla.org/questions/1274605,websites;firefox-700;desktop;linux;
https://support.mozilla.org/questions/1274607,firefox-710;customize;desktop;windows-10;configeditor;configeditor71;
https://support.mozilla.org/questions/1274612,firefox-680;other;desktop;
https://support.mozilla.org/questions/1274613,firefox-710;desktop;fix-problems;windows-10;
https://support.mozilla.org/questions/1274614,firefox-660;desktop;linux;
https://support.mozilla.org/questions/1274615,firefox-710;websites;desktop;windows-10;
https://support.mozilla.org/questions/1274617,download-and-install_1;firefox-710;desktop;mac-os;
https://support.mozilla.org/questions/1274620,firefox-710;desktop;fix-problems;windows-10;
https://support.mozilla.org/questions/1274623,firefox-710;other;desktop;windows-10;
https://support.mozilla.org/questions/1274624,firefox-710;other;desktop;windows-7;
https://support.mozilla.org/questions/1274625,desktop;fix-problems;windows-10;webcompanion;probablynotafirefoxproblem;webcompanion71;3rdpartysoftware;escalate;download-and-install;
https://support.mozilla.org/questions/1274626,firefox-710;other;desktop;windows-10;troubleshootingdetailsmissing;
https://support.mozilla.org/questions/1274632,firefox-710;websites;desktop;windows-7;
https://support.mozilla.org/questions/1274633,firefox-710;other;desktop;mac-os;
https://support.mozilla.org/questions/1274635,firefox-710;other;desktop;windows-7;tabsonbottom71;tabsonbottom;hacks;unsuppportedhacks;unsupporteduserchromecss;userchromecss;
https://support.mozilla.org/questions/1274637,firefox-710;other;desktop;windows-10;
https://support.mozilla.org/questions/1274640,tips;firefox-710;desktop;
https://support.mozilla.org/questions/1274644,firefox-700;desktop;fix-problems;windows-10;
https://support.mozilla.org/questions/1274645,customize;desktop;
https://support.mozilla.org/questions/1274646,firefox-710;desktop;fix-problems;windows-10;troubleshootingdetailsmissing;
https://support.mozilla.org/questions/1274648,firefox-710;customize;desktop;fedora;
https://support.mozilla.org/questions/1274649,other;firefox-700;firefox-7001;desktop;linux;
https://support.mozilla.org/questions/1274651,firefox-710;websites;desktop;
https://support.mozilla.org/questions/1274652,other;desktop;linux;
https://support.mozilla.org/questions/1274655,firefox-710;customize;desktop;mac-os;tabbarscrollbutton;tabbarscrollbutton71;hacks;unsupportedhacks;userchromecss;unsupporteduserchromecss;
https://support.mozilla.org/questions/1274656,other;desktop;
https://support.mozilla.org/questions/1274658,firefox-700;desktop;fix-problems;windows-10;escalate;download-and-install;
https://support.mozilla.org/questions/1274662,firefox-680;other;desktop;windows-10;
https://support.mozilla.org/questions/1274663,firefox-710;other;desktop;windows-7;screengrab;
https://support.mozilla.org/questions/1274665,firefox-710;other;desktop;mac-os;
https://support.mozilla.org/questions/1274667,desktop;fix-problems;
https://support.mozilla.org/questions/1274669,firefox-710;desktop;fix-problems;mac-os;
https://support.mozilla.org/questions/1274671,firefox-710;customize;desktop;windows-10;
https://support.mozilla.org/questions/1274672,privacy-and-security_1;firefox-710;desktop;windows-10;
https://support.mozilla.org/questions/1274673,firefox-710;websites;desktop;windows-10;youtubehd;add-ons;youtubehdproblem;
https://support.mozilla.org/questions/1274675,firefox-710;other;desktop;windows-7;
https://support.mozilla.org/questions/1274676,privacy-and-security_1;desktop;firefox-650;mac-os;
https://support.mozilla.org/questions/1274677,firefox-710;desktop;fix-problems;windows-10;dattormm;
https://support.mozilla.org/questions/1274678,firefox-700;customize;desktop;linux;
https://support.mozilla.org/questions/1274680,firefox-710;other;desktop;windows-10;
https://support.mozilla.org/questions/1274684,firefox-710;desktop;fix-problems;windows-10;
https://support.mozilla.org/questions/1274685,firefox-710;desktop;fix-problems;escalate;lockwise;
https://support.mozilla.org/questions/1274686,firefox-700;firefox-7001;desktop;sync;windows-10;
https://support.mozilla.org/questions/1274688,firefox-710;customize;desktop;windows-10;asperaconnect;3rdpartysoftware;
https://support.mozilla.org/questions/1274689,firefox-710;other;desktop;windows-7;
https://support.mozilla.org/questions/1274693,firefox-710;other;desktop;mac-os;
https://support.mozilla.org/questions/1274696,tabs;firefox-710;desktop;windows-10;
https://support.mozilla.org/questions/1274697,firefox-700;customize;desktop;firefox-7001;mac-os;
https://support.mozilla.org/questions/1274698,other;desktop;
https://support.mozilla.org/questions/1274699,firefox-700;customize;desktop;windows-10;maleware;
https://support.mozilla.org/questions/1274700,desktop;
https://support.mozilla.org/questions/1274704,bookmarks;firefox-710;desktop;windows-10;needsinfo;
https://support.mozilla.org/questions/1274706,firefox-710;customize;desktop;mac-os;
https://support.mozilla.org/questions/1274707,firefox-710;customize;desktop;
https://support.mozilla.org/questions/1274710,firefox-710;desktop;fix-problems;windows-10;
https://support.mozilla.org/questions/1274711,firefox-710;websites;desktop;windows-10;
https://support.mozilla.org/questions/1274712,firefox-710;customize;desktop;windows-10;
https://support.mozilla.org/questions/1274714,firefox-710;other;desktop;windows-10;
https://support.mozilla.org/questions/1274715,firefox-710;other;desktop;windows-10;
https://support.mozilla.org/questions/1274718,firefox-710;other;desktop;windows-10;
https://support.mozilla.org/questions/1274722,firefox-710;other;desktop;linux;
https://support.mozilla.org/questions/1274723,firefox-710;other;desktop;windows-10;
https://support.mozilla.org/questions/1274724,firefox-710;websites;desktop;mac-os;
https://support.mozilla.org/questions/1274725,firefox-6801;firefox-680;sync;desktop;mac-os;
https://support.mozilla.org/questions/1274726,firefox-710;sync;desktop;windows-7;
https://support.mozilla.org/questions/1274727,firefox-710;websites;desktop;windows-10;
https://support.mozilla.org/questions/1274729,firefox-710;websites;desktop;windows-10;
https://support.mozilla.org/questions/1274730,firefox-710;customize;desktop;windows-7;
https://support.mozilla.org/questions/1274731,firefox-710;customize;desktop;windows-10;
https://support.mozilla.org/questions/1274732,firefox-710;customize;desktop;
https://support.mozilla.org/questions/1274734,other;desktop;windows-10;
https://support.mozilla.org/questions/1274737,firefox-710;desktop;fix-problems;
https://support.mozilla.org/questions/1274741,privacy-and-security_1;firefox-700;desktop;windows-10;
https://support.mozilla.org/questions/1274742,privacy-and-security_1;firefox-700;desktop;windows-10;
https://support.mozilla.org/questions/1274743,other;desktop;
https://support.mozilla.org/questions/1274745,firefox-710;other;desktop;windows-10;bug1602526;
https://support.mozilla.org/questions/1274746,firefox-710;desktop;fix-problems;windows-10;
https://support.mozilla.org/questions/1274749,websites;firefox-700;desktop;linux;
https://support.mozilla.org/questions/1274751,firefox-700;customize;desktop;linux;
https://support.mozilla.org/questions/1274755,firefox-710;other;desktop;windows-10;
https://support.mozilla.org/questions/1274757,firefox-710;other;desktop;windows-server-2016;
https://support.mozilla.org/questions/1274758,customize;desktop;
https://support.mozilla.org/questions/1274760,desktop;fix-problems;
https://support.mozilla.org/questions/1274761,firefox-710;other;desktop;windows-10;
https://support.mozilla.org/questions/1274763,firefox-710;customize;desktop;windows-81;
https://support.mozilla.org/questions/1274764,firefox-710;other;desktop;mac-os;
https://support.mozilla.org/questions/1274766,firefox-710;other;desktop;windows-7;
https://support.mozilla.org/questions/1274767,firefox-710;desktop;fix-problems;windows-10;
https://support.mozilla.org/questions/1274771,firefox-710;customize;desktop;windows-10;
https://support.mozilla.org/questions/1274772,tips;firefox-710;desktop;windows-10;
https://support.mozilla.org/questions/1274774,firefox-710;desktop;fix-problems;
https://support.mozilla.org/questions/1274776,other;desktop;
https://support.mozilla.org/questions/1274781,firefox-710;customize;desktop;windows-10;
https://support.mozilla.org/questions/1274782,desktop;fix-problems;download-and-install;
https://support.mozilla.org/questions/1274784,privacy-and-security_1;firefox-710;desktop;windows-10;
https://support.mozilla.org/questions/1274786,firefox-710;other;desktop;windows-10;
https://support.mozilla.org/questions/1274788,beta;customize;desktop;firefox-720;windows-10;
https://support.mozilla.org/questions/1274790,firefox-710;other;desktop;windows-7;
https://support.mozilla.org/questions/1274791,firefox-710;customize;desktop;windows-10;
https://support.mozilla.org/questions/1274792,firefox-710;other;desktop;windows-10;
https://support.mozilla.org/questions/1274796,privacy-and-security_1;firefox-700;desktop;mac-os;
https://support.mozilla.org/questions/1274797,firefox-710;sync;desktop;windows-10;syncerr;bookmarks;needsinfo;
https://support.mozilla.org/questions/1274799,firefox-710;desktop;fix-problems;windows-10;
https://support.mozilla.org/questions/1274800,firefox-710;desktop;fix-problems;windows-10;
https://support.mozilla.org/questions/1274801,firefox-710;customize;desktop;
https://support.mozilla.org/questions/1274802,download-and-install_1;firefox-710;desktop;windows-10;
https://support.mozilla.org/questions/1274803,firefox-710;websites;desktop;windows-7;
https://support.mozilla.org/questions/1274804,tabs;firefox-710;desktop;windows-10;
https://support.mozilla.org/questions/1274807,firefox-710;desktop;fix-problems;windows-10;escalate;
https://support.mozilla.org/questions/1274808,firefox-710;other;desktop;windows-10;font;escalate;
https://support.mozilla.org/questions/1274811,bookmarks;firefox-710;desktop;windows-10;
https://support.mozilla.org/questions/1274813,firefox-710;sync;desktop;
https://support.mozilla.org/questions/1274816,firefox-700;firefox-7001;desktop;spellchecker;linux;
https://support.mozilla.org/questions/1274817,firefox-710;websites;desktop;windows-10;
https://support.mozilla.org/questions/1274821,privacy-and-security_1;firefox-710;desktop;
https://support.mozilla.org/questions/1274822,firefox-700;firefox-7001;desktop;linux;
https://support.mozilla.org/questions/1274823,firefox-710;other;desktop;windows-10;spellchecker;
https://support.mozilla.org/questions/1274825,sync;desktop;
https://support.mozilla.org/questions/1274827,tabs;firefox-710;desktop;windows-10;
https://support.mozilla.org/questions/1274830,firefox-710;other;desktop;windows-10;
https://support.mozilla.org/questions/1274831,firefox-700;firefox-7001;desktop;fix-problems;mac-os;bug_1;escalate;
https://support.mozilla.org/questions/1274833,firefox-710;cookies;desktop;windows-10;
https://support.mozilla.org/questions/1274835,firefox-710;other;desktop;windows-10;
https://support.mozilla.org/questions/1274837,firefox-710;customize;desktop;windows-7;
https://support.mozilla.org/questions/1274838,firefox-710;other;desktop;windows-10;
https://support.mozilla.org/questions/1274839,privacy-and-security_1;firefox-710;desktop;mac-os;
https://support.mozilla.org/questions/1274842,privacy-and-security_1;firefox-710;desktop;linux;
https://support.mozilla.org/questions/1274844,firefox-710;desktop;fix-problems;windows-7;
https://support.mozilla.org/questions/1274846,privacy-and-security_1;firefox-710;desktop;linux;
https://support.mozilla.org/questions/1274850,firefox-680;websites;desktop;linux;escalate;font;
https://support.mozilla.org/questions/1274851,bookmarks;firefox-710;desktop;mac-os;
https://support.mozilla.org/questions/1274852,firefox-710;websites;desktop;windows-81;
https://support.mozilla.org/questions/1274854,privacy-and-security_1;firefox-710;desktop;
https://support.mozilla.org/questions/1274857,firefox-710;other;desktop;windows-7;
https://support.mozilla.org/questions/1274858,bookmarks;firefox-710;desktop;mac-os-x-1010;
https://support.mozilla.org/questions/1274863,tabs;firefox-710;desktop;windows-10;
https://support.mozilla.org/questions/1274864,tips;firefox-710;desktop;
https://support.mozilla.org/questions/1274866,firefox-680;other;desktop;windows-10;
https://support.mozilla.org/questions/1274867,firefox-710;other;desktop;windows-10;
https://support.mozilla.org/questions/1274868,download-and-install_1;firefox-670;desktop;
https://support.mozilla.org/questions/1274869,privacy-and-security_1;desktop;escalate;certificates;
https://support.mozilla.org/questions/1274872,firefox-700;other;desktop;linux;
https://support.mozilla.org/questions/1274874,firefox-710;other;desktop;windows-10;
https://support.mozilla.org/questions/1274875,download-and-install_1;desktop;
https://support.mozilla.org/questions/1274876,firefox-710;desktop;windows-81;
https://support.mozilla.org/questions/1274878,bookmarks;firefox-710;desktop;windows-10;
https://support.mozilla.org/questions/1274883,firefox-680;other;desktop;linux;
https://support.mozilla.org/questions/1274889,firefox-710;desktop;fix-problems;windows-10;
https://support.mozilla.org/questions/1274891,firefox-710;customize;desktop;windows-10;
https://support.mozilla.org/questions/1274892,firefox-700;customize;desktop;linux;
https://support.mozilla.org/questions/1274895,firefox-710;sync;desktop;windows-10;
https://support.mozilla.org/questions/1274896,customize;desktop;
https://support.mozilla.org/questions/1274898,firefox-710;desktop;fix-problems;windows-7;
https://support.mozilla.org/questions/1274900,
https://support.mozilla.org/questions/1274901,firefox-710;customize;desktop;windows-10;
https://support.mozilla.org/questions/1274902,firefox-710;desktop;fix-problems;windows-10;
https://support.mozilla.org/questions/1274903,firefox-710;customize;desktop;linux;
https://support.mozilla.org/questions/1274907,firefox-710;other;desktop;windows-10;
https://support.mozilla.org/questions/1274910,tips;desktop;
https://support.mozilla.org/questions/1274914,firefox-710;desktop;fix-problems;windows-10;
https://support.mozilla.org/questions/1274919,tabs;firefox-710;desktop;windows-10;
https://support.mozilla.org/questions/1274921,firefox-710;desktop;fix-problems;linux;session;
https://support.mozilla.org/questions/1274922,customize;desktop;windows-10;
https://support.mozilla.org/questions/1274924,firefox-710;other;desktop;windows-10;
https://support.mozilla.org/questions/1274925,firefox-710;other;desktop;windows-10;
https://support.mozilla.org/questions/1274927,bookmarks;firefox-710;desktop;windows-10;
https://support.mozilla.org/questions/1274928,privacy-and-security_1;firefox-710;desktop;
https://support.mozilla.org/questions/1274929,firefox-710;other;desktop;windows-10;
https://support.mozilla.org/questions/1274930,firefox-710;sync;desktop;windows-10;
https://support.mozilla.org/questions/1274931,firefox-710;websites;desktop;mac-os;
https://support.mozilla.org/questions/1274933,firefox-710;other;desktop;mac-os;
https://support.mozilla.org/questions/1274934,firefox-710;other;desktop;linux;
https://support.mozilla.org/questions/1274936,firefox-710;desktop;fix-problems;windows-7;
https://support.mozilla.org/questions/1274937,firefox-710;other;desktop;windows-10;
https://support.mozilla.org/questions/1274939,firefox-710;websites;desktop;windows-10;
https://support.mozilla.org/questions/1274940,firefox-710;customize;desktop;linux;
https://support.mozilla.org/questions/1274942,other;desktop;
https://support.mozilla.org/questions/1274946,firefox-710;desktop;fix-problems;windows-10;
https://support.mozilla.org/questions/1274948,firefox-710;desktop;fix-problems;linux;
https://support.mozilla.org/questions/1274951,download-and-install_1;desktop;
https://support.mozilla.org/questions/1274952,desktop;escalate;
https://support.mozilla.org/questions/1274956,desktop;fix-problems;windows-10;escalate;
https://support.mozilla.org/questions/1274958,firefox-710;other;desktop;windows-10;
https://support.mozilla.org/questions/1274960,
https://support.mozilla.org/questions/1274961,bookmarks;firefox-710;desktop;windows-7;
https://support.mozilla.org/questions/1274966,firefox-710;sync;desktop;windows-7;
https://support.mozilla.org/questions/1274968,firefox-710;customize;desktop;linux;
https://support.mozilla.org/questions/1274969,download-and-install_1;firefox-710;desktop;mac-os;
https://support.mozilla.org/questions/1274970,firefox-710;other;desktop;bug_1;
https://support.mozilla.org/questions/1274972,firefox-710;sync;desktop;windows-10;
https://support.mozilla.org/questions/1274974,firefox-710;other;desktop;
https://support.mozilla.org/questions/1274976,bookmarks;firefox-710;desktop;windows-10;
https://support.mozilla.org/questions/1274977,firefox-660;firefox-6602;other;desktop;mac-os;
https://support.mozilla.org/questions/1274979,firefox-710;cookies;desktop;
https://support.mozilla.org/questions/1274980,firefox-710;customize;desktop;windows-10;
https://support.mozilla.org/questions/1274982,firefox-710;customize;desktop;linux;
https://support.mozilla.org/questions/1274983,desktop;fix-problems;
https://support.mozilla.org/questions/1274984,bookmarks;firefox-710;desktop;windows-10;
https://support.mozilla.org/questions/1274987,firefox-710;desktop;fix-problems;
https://support.mozilla.org/questions/1274988,firefox-710;other;desktop;
https://support.mozilla.org/questions/1274989,tips;firefox-710;desktop;windows-10;
https://support.mozilla.org/questions/1274990,download-and-install_1;firefox-710;desktop;windows-10;
https://support.mozilla.org/questions/1274991,desktop;fix-problems;
https://support.mozilla.org/questions/1274994,firefox-710;other;desktop;windows-10;
https://support.mozilla.org/questions/1274996,firefox-710;other;desktop;linux;
https://support.mozilla.org/questions/1274997,bookmarks;firefox-710;desktop;windows-10;syncerr;
https://support.mozilla.org/questions/1275000,firefox-700;other;desktop;windows-81;
https://support.mozilla.org/questions/1275002,firefox-710;customize;desktop;windows-10;
https://support.mozilla.org/questions/1275004,desktop;fix-problems;
https://support.mozilla.org/questions/1275007,firefox-710;other;desktop;windows-10;
https://support.mozilla.org/questions/1275008,tabs;firefox-710;desktop;windows-7;
https://support.mozilla.org/questions/1275012,desktop;fix-problems;
https://support.mozilla.org/questions/1275013,desktop;fix-problems;
https://support.mozilla.org/questions/1275019,firefox-710;other;desktop;windows-10;
https://support.mozilla.org/questions/1275020,firefox-710;other;desktop;mac-os;
https://support.mozilla.org/questions/1275021,firefox-710;websites;desktop;linux;
https://support.mozilla.org/questions/1275023,firefox-710;other;desktop;windows-7;needsinfo;
https://support.mozilla.org/questions/1275024,bookmarks;desktop;
https://support.mozilla.org/questions/1275030,firefox-710;desktop;fix-problems;windows-7;
https://support.mozilla.org/questions/1275031,firefox-710;desktop;windows-10;
https://support.mozilla.org/questions/1275036,firefox-710;customize;desktop;windows-10;
https://support.mozilla.org/questions/1275037,bookmarks;firefox-710;desktop;mac-os;
https://support.mozilla.org/questions/1275038,other;mobile;
https://support.mozilla.org/questions/1275039,firefox-710;other;desktop;windows-10;
https://support.mozilla.org/questions/1275041,firefox-710;desktop;fix-problems;windows-81;
https://support.mozilla.org/questions/1275043,sync;desktop;
https://support.mozilla.org/questions/1275045,privacy-and-security_1;firefox-710;desktop;windows-10;
https://support.mozilla.org/questions/1275050,privacy-and-security_1;firefox-710;desktop;windows-10;
https://support.mozilla.org/questions/1275051,firefox-710;websites;desktop;windows-10;
https://support.mozilla.org/questions/1275055,firefox-710;other;desktop;windows-10;
https://support.mozilla.org/questions/1275056,firefox-710;customize;desktop;windows-10;
https://support.mozilla.org/questions/1275057,firefox-710;desktop;fix-problems;windows-10;
https://support.mozilla.org/questions/1275058,firefox-710;websites;desktop;mac-os;
https://support.mozilla.org/questions/1275059,websites;beta;firefox-720;desktop;
https://support.mozilla.org/questions/1275060,firefox-710;websites;desktop;mac-os;needsinfo;
https://support.mozilla.org/questions/1275061,download-and-install_1;firefox-710;desktop;windows-7;
https://support.mozilla.org/questions/1275062,firefox-710;other;desktop;windows-7;
https://support.mozilla.org/questions/1275063,bookmarks;firefox-710;desktop;windows-81;
https://support.mozilla.org/questions/1275064,firefox-710;desktop;fix-problems;windows10;
https://support.mozilla.org/questions/1275068,firefox-680;desktop;privacy-and-security_1;linux;
https://support.mozilla.org/questions/1275069,privacy-and-security_1;firefox-710;desktop;
https://support.mozilla.org/questions/1275071,firefox-710;other;desktop;mac-os-x-109;
https://support.mozilla.org/questions/1275072,firefox-710;other;desktop;windows-10;
https://support.mozilla.org/questions/1275073,firefox-710;sync;desktop;windows-10;
https://support.mozilla.org/questions/1275074,other;beta;firefox-720;desktop;windows-10;
https://support.mozilla.org/questions/1275077,firefox-710;desktop;fix-problems;windows-10;
https://support.mozilla.org/questions/1275079,firefox-710;other;desktop;
https://support.mozilla.org/questions/1275081,desktop;fix-problems;windows-10;firefox-710;
https://support.mozilla.org/questions/1275083,fix-problems;windows-10;firefox-710;escalate;download-and-install;
https://support.mozilla.org/questions/1275084,firefox-710;customize;desktop;windows-7;
https://support.mozilla.org/questions/1275088,firefox-710;other;desktop;windows-10;
https://support.mozilla.org/questions/1275089,firefox-710;websites;desktop;windows-10;
https://support.mozilla.org/questions/1275091,tabs;firefox-570;desktop;escalate;download-and-install;
https://support.mozilla.org/questions/1275093,tabs;firefox-710;desktop;windows-10;
https://support.mozilla.org/questions/1275094,websites;mobile;
https://support.mozilla.org/questions/1275095,websites;mobile;
https://support.mozilla.org/questions/1275096,firefox-710;other;desktop;windows-10;
https://support.mozilla.org/questions/1275098,download-and-install_1;firefox-710;desktop;windows-10;
https://support.mozilla.org/questions/1275099,tabs;firefox-710;desktop;
https://support.mozilla.org/questions/1275100,firefox-710;desktop;fix-problems;windows-10;
https://support.mozilla.org/questions/1275101,firefox-710;desktop;fix-problems;windows-10;
https://support.mozilla.org/questions/1275102,desktop;fix-problems;
https://support.mozilla.org/questions/1275103,firefox-710;desktop;fix-problems;windows-7;
https://support.mozilla.org/questions/1275108,firefox-710;customize;desktop;windows-10;
https://support.mozilla.org/questions/1275111,firefox-710;desktop;fix-problems;
https://support.mozilla.org/questions/1275114,firefox-710;customize;desktop;
https://support.mozilla.org/questions/1275115,bookmarks;firefox-710;desktop;windows-10;
https://support.mozilla.org/questions/1275118,tabs;firefox-710;desktop;
https://support.mozilla.org/questions/1275120,firefox-710;other;desktop;windows-7;
https://support.mozilla.org/questions/1275122,tips;desktop;windows-10;
https://support.mozilla.org/questions/1275123,cookies;desktop;windows-7;
https://support.mozilla.org/questions/1275124,firefox-710;sync;desktop;windows-10;
https://support.mozilla.org/questions/1275126,beta;firefox-720;desktop;fix-problems;mac-os;
https://support.mozilla.org/questions/1275127,firefox-710;sync;desktop;windows-10;
https://support.mozilla.org/questions/1275130,bookmarks;firefox-710;desktop;windows-10;
https://support.mozilla.org/questions/1275131,firefox-710;other;desktop;windows-7;escalate;
https://support.mozilla.org/questions/1275134,firefox-710;other;desktop;windows-7;needsinfo;
https://support.mozilla.org/questions/1275135,firefox-710;customize;desktop;windows-10;needsinfo;
https://support.mozilla.org/questions/1275136,privacy-and-security_1;desktop;
https://support.mozilla.org/questions/1275142,download-and-install_1;firefox-700;desktop;windows-7;
https://support.mozilla.org/questions/1275144,firefox-710;sync;desktop;windows-7;
https://support.mozilla.org/questions/1275145,firefox-710;desktop;fix-problems;windows-10;
https://support.mozilla.org/questions/1275150,firefox-710;customize;desktop;windows-10;
https://support.mozilla.org/questions/1275151,firefox-680;desktop;fix-problems;windows-10;
https://support.mozilla.org/questions/1275153,firefox-710;other;desktop;windows-7;
https://support.mozilla.org/questions/1275154,privacy-and-security_1;firefox-710;desktop;windows-10;
https://support.mozilla.org/questions/1275155,beta;firefox-720;desktop;sync;windows-10;
https://support.mozilla.org/questions/1275156,firefox-710;websites;desktop;windows-7;
https://support.mozilla.org/questions/1275157,other;beta;firefox-720;desktop;windows-10;
https://support.mozilla.org/questions/1275158,firefox-710;websites;desktop;windows-10;
https://support.mozilla.org/questions/1275159,firefox-710;other;desktop;mac-os;
https://support.mozilla.org/questions/1275160,firefox-710;other;desktop;windows-10;
https://support.mozilla.org/questions/1275161,firefox-710;other;desktop;windows-10;
https://support.mozilla.org/questions/1275165,firefox-710;desktop;fix-problems;windows-10;
https://support.mozilla.org/questions/1275167,firefox-680;websites;desktop;windows-10;
https://support.mozilla.org/questions/1275168,privacy-and-security_1;firefox-710;desktop;linux;
https://support.mozilla.org/questions/1275173,bookmarks;firefox-710;desktop;windows-10;
https://support.mozilla.org/questions/1275175,firefox-710;desktop;fix-problems;windows-10;
https://support.mozilla.org/questions/1275176,firefox-710;desktop;fix-problems;mac-os-x-109;
https://support.mozilla.org/questions/1275177,firefox-710;websites;desktop;mac-os;
https://support.mozilla.org/questions/1275178,privacy-and-security_1;desktop;mac-os;
https://support.mozilla.org/questions/1275179,firefox-700;other;desktop;windows-7;
https://support.mozilla.org/questions/1275182,desktop;fix-problems;windows;
https://support.mozilla.org/questions/1275183,tabs;firefox-710;desktop;windows-10;
https://support.mozilla.org/questions/1275186,download-and-install_1;firefox-680;desktop;mac-os;
https://support.mozilla.org/questions/1275187,desktop;fix-problems;mac-os;
https://support.mozilla.org/questions/1275189,firefox-710;desktop;fix-problems;linux;
https://support.mozilla.org/questions/1275192,desktop;fix-problems;windows-81;
https://support.mozilla.org/questions/1275193,firefox-710;other;desktop;windows-10;
https://support.mozilla.org/questions/1275194,desktop;fix-problems;
https://support.mozilla.org/questions/1275195,firefox-710;desktop;fix-problems;windows-10;
https://support.mozilla.org/questions/1275200,firefox-710;other;desktop;windows-10;
https://support.mozilla.org/questions/1275202,privacy-and-security_1;firefox-710;desktop;windows-10;
https://support.mozilla.org/questions/1275204,privacy-and-security_1;desktop;windows-10;
https://support.mozilla.org/questions/1275206,firefox-710;other;desktop;windows-10;
https://support.mozilla.org/questions/1275208,firefox-710;other;desktop;windows-10;
https://support.mozilla.org/questions/1275209,customize;desktop;
https://support.mozilla.org/questions/1275214,firefox-710;desktop;fix-problems;linux;
https://support.mozilla.org/questions/1275217,firefox-710;desktop;fix-problems;windows-7;
https://support.mozilla.org/questions/1275218,firefox-710;customize;desktop;windows-10;
https://support.mozilla.org/questions/1275219,privacy-and-security_1;firefox-710;desktop;windows-10;
https://support.mozilla.org/questions/1275221,firefox-710;desktop;fix-problems;windows-10;
https://support.mozilla.org/questions/1275222,firefox-710;other;desktop;windows-10;
https://support.mozilla.org/questions/1275224,firefox-710;other;desktop;windows-7;
https://support.mozilla.org/questions/1275225,firefox-710;desktop;fix-problems;windows-10;
https://support.mozilla.org/questions/1275226,firefox-710;desktop;fix-problems;
https://support.mozilla.org/questions/1275227,firefox-710;customize;desktop;windows-7;
https://support.mozilla.org/questions/1275228,other;beta;firefox-720;desktop;windows-10;
https://support.mozilla.org/questions/1275231,firefox-710;customize;desktop;windows-10;
https://support.mozilla.org/questions/1275235,firefox-710;websites;desktop;
https://support.mozilla.org/questions/1275237,firefox-710;other;desktop;mac-os-x-109;
https://support.mozilla.org/questions/1275239,firefox-710;desktop;fix-problems;linux;
https://support.mozilla.org/questions/1275240,download-and-install_1;desktop;mac-os;
https://support.mozilla.org/questions/1275241,firefox-710;desktop;fix-problems;linux;
https://support.mozilla.org/questions/1275244,tabs;firefox-710;desktop;windows-10;
https://support.mozilla.org/questions/1275246,desktop;fix-problems;
https://support.mozilla.org/questions/1275247,firefox-710;desktop;fix-problems;windows-81;
https://support.mozilla.org/questions/1275248,firefox-710;desktop;fix-problems;mac-os;
https://support.mozilla.org/questions/1275250,firefox-710;other;desktop;windows-10;
https://support.mozilla.org/questions/1275254,firefox-710;other;desktop;windows-10;
https://support.mozilla.org/questions/1275256,other;desktop;windows-10;
https://support.mozilla.org/questions/1275257,bookmarks;firefox-710;desktop;windows-10;
https://support.mozilla.org/questions/1275258,other;desktop;
https://support.mozilla.org/questions/1275259,firefox-710;other;desktop;windows-10;
https://support.mozilla.org/questions/1275260,tabs;firefox-710;desktop;windows-10;
https://support.mozilla.org/questions/1275261,firefox-710;desktop;fix-problems;windows-10;
https://support.mozilla.org/questions/1275262,privacy-and-security_1;firefox-710;desktop;windows-10;
https://support.mozilla.org/questions/1275264,firefox-710;other;desktop;windows-10;needsinfo;
https://support.mozilla.org/questions/1275265,firefox-710;desktop;fix-problems;mac-os;
https://support.mozilla.org/questions/1275267,firefox-710;other;desktop;windows-10;needsinfo;
https://support.mozilla.org/questions/1275268,firefox-710;other;desktop;windows-7;
https://support.mozilla.org/questions/1275271,firefox-710;customize;desktop;linux;
https://support.mozilla.org/questions/1275273,firefox-710;websites;desktop;escalate;linux;ubuntu;
https://support.mozilla.org/questions/1275274,firefox-710;desktop;fix-problems;linux;
https://support.mozilla.org/questions/1275275,desktop;fix-problems;windows-10;
https://support.mozilla.org/questions/1275277,firefox-710;other;desktop;windows-7;
https://support.mozilla.org/questions/1275278,firefox-710;sync;desktop;linux;
https://support.mozilla.org/questions/1275280,download-and-install_1;beta;firefox-720;desktop;windows-7;
https://support.mozilla.org/questions/1275285,privacy-and-security_1;firefox-710;desktop;windows-10;
https://support.mozilla.org/questions/1275288,privacy-and-security_1;firefox-710;desktop;linux;
https://support.mozilla.org/questions/1275290,firefox-710;desktop;fix-problems;windows-10;
https://support.mozilla.org/questions/1275291,firefox-710;desktop;fix-problems;windows-10;
https://support.mozilla.org/questions/1275292,privacy-and-security_1;firefox-710;desktop;windows-7;escalate;oligarchpassword;
https://support.mozilla.org/questions/1275294,firefox-710;sync;desktop;mac-os;
https://support.mozilla.org/questions/1275298,firefox-710;desktop;fix-problems;windows-10;
https://support.mozilla.org/questions/1275299,firefox-710;other;desktop;windows-10;
https://support.mozilla.org/questions/1275301,firefox-710;websites;desktop;windows-10;
https://support.mozilla.org/questions/1275303,firefox-710;other;desktop;windows-10;
https://support.mozilla.org/questions/1275305,tabs;firefox-710;desktop;windows-10;
https://support.mozilla.org/questions/1275308,tabs;firefox-710;desktop;mac-os;
https://support.mozilla.org/questions/1275309,download-and-install_1;desktop;windows-10;
https://support.mozilla.org/questions/1275311,firefox-710;other;desktop;windows-10;
https://support.mozilla.org/questions/1275313,firefox-710;websites;desktop;windows-10;
https://support.mozilla.org/questions/1275314,firefox-710;other;desktop;mac-os;
https://support.mozilla.org/questions/1275315,download-and-install_1;desktop;
https://support.mozilla.org/questions/1275322,firefox-710;other;desktop;windows-10;
https://support.mozilla.org/questions/1275324,other;firefox-700;firefox-7001;desktop;mac-os;
https://support.mozilla.org/questions/1275326,other;desktop;windows;
https://support.mozilla.org/questions/1275330,firefox-710;other;desktop;windows-7;needsinfo;
https://support.mozilla.org/questions/1275334,desktop;fix-problems;
https://support.mozilla.org/questions/1275338,firefox-710;desktop;fix-problems;windows-7;
https://support.mozilla.org/questions/1275340,firefox-710;other;desktop;windows-10;
https://support.mozilla.org/questions/1275341,firefox-710;desktop;fix-problems;windows-10;
https://support.mozilla.org/questions/1275351,privacy-and-security_1;firefox-710;desktop;windows-7;
https://support.mozilla.org/questions/1275356,bookmarks;firefox-710;desktop;mac-os;
https://support.mozilla.org/questions/1275358,privacy-and-security_1;firefox-710;desktop;
https://support.mozilla.org/questions/1275361,firefox-700;other;desktop;windows-10;certifictes;escalate;
https://support.mozilla.org/questions/1275363,desktop;fix-problems;firefox-710;windows-10;crashes;escalate;
https://support.mozilla.org/questions/1275364,
https://support.mozilla.org/questions/1275366,firefox-710;other;desktop;windows-10;plugins;
https://support.mozilla.org/questions/1275368,bookmarks;firefox-710;desktop;windows-10;
https://support.mozilla.org/questions/1275369,firefox-710;customize;desktop;windows-10;
https://support.mozilla.org/questions/1275370,tabs;desktop;windows-10;
https://support.mozilla.org/questions/1275372,firefox-430;desktop;sync;windows-10;syncerr;
https://support.mozilla.org/questions/1275373,firefox-710;desktop;fix-problems;linux;
https://support.mozilla.org/questions/1275374,download-and-install_1;firefox-680;desktop;windows-10;
https://support.mozilla.org/questions/1275377,beta;firefox-720;desktop;fix-problems;mac-os-x-109;aurora;
https://support.mozilla.org/questions/1275381,privacy-and-security_1;firefox-710;desktop;windows-10;
https://support.mozilla.org/questions/1275382,privacy-and-security_1;desktop;
https://support.mozilla.org/questions/1275383,other;desktop;
https://support.mozilla.org/questions/1275384,firefox-710;other;desktop;windows-10;needsinfo;
https://support.mozilla.org/questions/1275386,other;beta;firefox-720;desktop;windows-10;
https://support.mozilla.org/questions/1275388,firefox-710;other;desktop;mac-os;
https://support.mozilla.org/questions/1275393,other;desktop;windows-10;
https://support.mozilla.org/questions/1275395,privacy-and-security_1;firefox-710;desktop;windows-10;
https://support.mozilla.org/questions/1275396,firefox-710;customize;desktop;mac-os;
https://support.mozilla.org/questions/1275402,firefox-710;other;desktop;windows-10;
https://support.mozilla.org/questions/1275403,firefox-710;other;desktop;windows-10;
https://support.mozilla.org/questions/1275405,firefox-710;other;desktop;windows-10;
https://support.mozilla.org/questions/1275412,other;desktop;
https://support.mozilla.org/questions/1275415,firefox-710;other;desktop;windows-7;
https://support.mozilla.org/questions/1275417,download-and-install_1;firefox-710;desktop;windows-10;
https://support.mozilla.org/questions/1275419,download-and-install_1;firefox-710;desktop;windows-7;
https://support.mozilla.org/questions/1275420,firefox-710;desktop;fix-problems;windows-10;
https://support.mozilla.org/questions/1275426,firefox-710;other;desktop;windows-10;
https://support.mozilla.org/questions/1275427,privacy-and-security_1;firefox-710;desktop;windows-10;
https://support.mozilla.org/questions/1275429,other;desktop;mac-osx;
https://support.mozilla.org/questions/1275430,firefox-710;other;desktop;windows-7;
https://support.mozilla.org/questions/1275432,bookmarks;firefox-710;desktop;linux;
https://support.mozilla.org/questions/1275433,download-and-install_1;firefox-710;desktop;windows-10;
https://support.mozilla.org/questions/1275435,bookmarks;firefox-710;desktop;mac-os-x-1010;
https://support.mozilla.org/questions/1275438,bookmarks;firefox-710;desktop;windows-10;
https://support.mozilla.org/questions/1275442,firefox-710;desktop;fix-problems;windows-10;
https://support.mozilla.org/questions/1275444,tabs;firefox-710;desktop;windows-7;
https://support.mozilla.org/questions/1275446,firefox-710;desktop;fix-problems;windows-10;
https://support.mozilla.org/questions/1275450,beta;firefox-720;desktop;fix-problems;windows-10;
https://support.mozilla.org/questions/1275453,other;desktop;
https://support.mozilla.org/questions/1275457,other;desktop;
https://support.mozilla.org/questions/1275459,firefox-710;desktop;fix-problems;windows-10;
https://support.mozilla.org/questions/1275463,firefox-710;other;desktop;windows-10;
https://support.mozilla.org/questions/1275465,firefox-710;other;desktop;windows-10;
https://support.mozilla.org/questions/1275466,firefox-710;customize;desktop;windows-10;
https://support.mozilla.org/questions/1275467,firefox-710;other;desktop;windows-10;
https://support.mozilla.org/questions/1275470,privacy-and-security_1;firefox-710;desktop;
https://support.mozilla.org/questions/1275472,firefox-710;other;desktop;windows-10;
https://support.mozilla.org/questions/1275474,download-and-install_1;desktop;linux;
https://support.mozilla.org/questions/1275476,firefox-700;cookies;firefox-7001;desktop;mac-os;
https://support.mozilla.org/questions/1275479,desktop;fix-problems;
https://support.mozilla.org/questions/1275480,bookmarks;firefox-710;desktop;windows-7;
https://support.mozilla.org/questions/1275485,firefox-710;other;desktop;windows-10;
https://support.mozilla.org/questions/1275486,privacy-and-security_1;firefox-710;desktop;windows-10;
https://support.mozilla.org/questions/1275489,firefox-710;websites;desktop;mac-os;
https://support.mozilla.org/questions/1275491,privacy-and-security_1;firefox-710;desktop;windows-10;
https://support.mozilla.org/questions/1275495,firefox-710;other;desktop;windows-10;geolocation;
https://support.mozilla.org/questions/1275500,firefox-710;desktop;fix-problems;mac-os;
https://support.mozilla.org/questions/1275501,firefox-710;other;desktop;windows-10;
https://support.mozilla.org/questions/1275505,tabs;firefox-710;desktop;windows-10;
https://support.mozilla.org/questions/1275506,firefox-710;other;desktop;windows-10;needsinfo;
https://support.mozilla.org/questions/1275509,firefox-710;customize;desktop;windows-10;
https://support.mozilla.org/questions/1275510,firefox-710;customize;desktop;windows-10;
https://support.mozilla.org/questions/1275511,firefox-710;other;desktop;windows-7;
https://support.mozilla.org/questions/1275514,firefox-710;desktop;fix-problems;windows-10;
https://support.mozilla.org/questions/1275516,firefox-710;other;desktop;macos-1015;
https://support.mozilla.org/questions/1275519,privacy-and-security_1;firefox-710;desktop;windows-10;
https://support.mozilla.org/questions/1275520,firefox-710;websites;desktop;windows-10;
https://support.mozilla.org/questions/1275521,download-and-install_1;desktop;
https://support.mozilla.org/questions/1275523,download-and-install_1;firefox-710;desktop;windows-7;
https://support.mozilla.org/questions/1275524,download-and-install_1;firefox-710;desktop;windows-10;
https://support.mozilla.org/questions/1275525,firefox-710;other;desktop;windows-10;
https://support.mozilla.org/questions/1275526,firefox-710;desktop;fix-problems;windows-10;
https://support.mozilla.org/questions/1275530,desktop;fix-problems;windows-10;firefox-710;
https://support.mozilla.org/questions/1275533,firefox-710;websites;desktop;linux;instagram;
https://support.mozilla.org/questions/1275534,download-and-install_1;firefox-710;desktop;windows-10;
https://support.mozilla.org/questions/1275539,download-and-install_1;firefox-710;desktop;mac-os;
https://support.mozilla.org/questions/1275541,privacy-and-security_1;desktop;
https://support.mozilla.org/questions/1275543,firefox-710;other;desktop;windows-10;
https://support.mozilla.org/questions/1275546,firefox-710;customize;desktop;windows-10;
https://support.mozilla.org/questions/1275547,firefox-710;sync;desktop;windows-10;
https://support.mozilla.org/questions/1275548,firefox-710;other;desktop;mac-os-x-109;
https://support.mozilla.org/questions/1275549,firefox-710;desktop;fix-problems;windows-10;
https://support.mozilla.org/questions/1275550,firefox-710;sync;desktop;mac-os;
https://support.mozilla.org/questions/1275553,firefox-710;websites;desktop;mac-os;
https://support.mozilla.org/questions/1275555,other;desktop;
https://support.mozilla.org/questions/1275557,firefox-710;other;desktop;windows-10;
https://support.mozilla.org/questions/1275564,firefox-700;other;desktop;windows-81;
https://support.mozilla.org/questions/1275565,firefox-710;desktop;fix-problems;windows-10;
https://support.mozilla.org/questions/1275566,firefox-710;other;desktop;windows-7;
https://support.mozilla.org/questions/1275573,tips;firefox-710;desktop;windows-10;
https://support.mozilla.org/questions/1275576,privacy-and-security_1;firefox-710;desktop;windows-10;
https://support.mozilla.org/questions/1275578,bookmarks;firefox-710;desktop;windows-10;
https://support.mozilla.org/questions/1275581,firefox-710;customize;desktop;
https://support.mozilla.org/questions/1275583,desktop;fix-problems;windows-10;
https://support.mozilla.org/questions/1275585,tabs;firefox-560;desktop;windows-7;
https://support.mozilla.org/questions/1275586,firefox-710;customize;desktop;windows-10;
https://support.mozilla.org/questions/1275587,bookmarks;firefox-710;desktop;windows-10;
https://support.mozilla.org/questions/1275589,other;firefox-640;desktop;windows-10;
https://support.mozilla.org/questions/1275590,firefox-710;desktop;fix-problems;windows-7;
https://support.mozilla.org/questions/1275594,firefox-710;other;desktop;mac-os;
https://support.mozilla.org/questions/1275596,firefox-710;sync;desktop;windows-10;
https://support.mozilla.org/questions/1275597,desktop;fix-problems;escalate;sync;syncerr;escalate_1;
https://support.mozilla.org/questions/1275598,firefox-710;sync;desktop;windows-10;
https://support.mozilla.org/questions/1275600,firefox-710;websites;desktop;windows-10;
https://support.mozilla.org/questions/1275601,privacy-and-security_1;beta;firefox-720;desktop;windows-10;
https://support.mozilla.org/questions/1275605,firefox-710;websites;desktop;windows-10;
https://support.mozilla.org/questions/1275608,firefox-710;other;desktop;
https://support.mozilla.org/questions/1275613,tips;desktop;dataloss;
https://support.mozilla.org/questions/1275614,firefox-710;desktop;fix-problems;mac-os;
https://support.mozilla.org/questions/1275621,firefox-710;other;desktop;windows-10;
https://support.mozilla.org/questions/1275624,firefox-710;sync;desktop;windows-10;
https://support.mozilla.org/questions/1275625,firefox-710;other;desktop;linux;
https://support.mozilla.org/questions/1275636,firefox-710;customize;desktop;windows-10;
https://support.mozilla.org/questions/1275637,firefox-710;customize;desktop;windows-10;
https://support.mozilla.org/questions/1275645,firefox-710;sync;desktop;windows-10;
https://support.mozilla.org/questions/1275646,firefox-520;other;desktop;
https://support.mozilla.org/questions/1275649,firefox-710;customize;desktop;windows-10;
https://support.mozilla.org/questions/1275652,firefox-710;desktop;fix-problems;windows-7;
https://support.mozilla.org/questions/1275653,firefox-710;customize;desktop;windows-10;
https://support.mozilla.org/questions/1275657,download-and-install_1;mobile;
https://support.mozilla.org/questions/1275659,tips;desktop;linux;
https://support.mozilla.org/questions/1275660,firefox-710;desktop;fix-problems;mac-os;
https://support.mozilla.org/questions/1275661,download-and-install_1;firefox-710;desktop;windows-10;
https://support.mozilla.org/questions/1275662,firefox-710;customize;desktop;windows-10;
https://support.mozilla.org/questions/1275664,firefox-710;sync;desktop;windows-10;
https://support.mozilla.org/questions/1275668,firefox-710;customize;desktop;windows-10;needsinfo;
https://support.mozilla.org/questions/1275669,firefox-710;other;desktop;windows-7;
https://support.mozilla.org/questions/1275671,privacy-and-security_1;firefox-710;desktop;mac-os;
https://support.mozilla.org/questions/1275676,firefox-710;customize;desktop;windows-10;
https://support.mozilla.org/questions/1275679,firefox-710;desktop;fix-problems;windows-10;calendar;javascript;escalate;
https://support.mozilla.org/questions/1275683,bookmarks;firefox-710;desktop;
https://support.mozilla.org/questions/1275685,
https://support.mozilla.org/questions/1275686,firefox-710;customize;desktop;windows-10;
https://support.mozilla.org/questions/1275693,firefox-710;websites;desktop;windows-10;
https://support.mozilla.org/questions/1275695,firefox-560;other;desktop;windows-10;
https://support.mozilla.org/questions/1275697,sync;desktop;
https://support.mozilla.org/questions/1275698,other;desktop;escalate;
https://support.mozilla.org/questions/1275699,tabs;firefox-710;desktop;windows-10;
https://support.mozilla.org/questions/1275701,firefox-710;customize;desktop;windows-10;
https://support.mozilla.org/questions/1275703,firefox-710;desktop;fix-problems;mac-os;
https://support.mozilla.org/questions/1275706,firefox-710;sync;desktop;mac-os;needsinfo;
https://support.mozilla.org/questions/1275710,firefox-710;other;desktop;windows-10;
https://support.mozilla.org/questions/1275712,firefox-710;websites;desktop;windows-10;
https://support.mozilla.org/questions/1275714,desktop;fix-problems;
https://support.mozilla.org/questions/1275715,privacy-and-security_1;firefox-710;desktop;windows-10;
https://support.mozilla.org/questions/1275716,tips;firefox-710;desktop;linux;
https://support.mozilla.org/questions/1275717,firefox-710;other;desktop;
https://support.mozilla.org/questions/1275720,privacy-and-security_1;firefox-710;desktop;linux;
https://support.mozilla.org/questions/1275721,desktop;fix-problems;ios;mac-os-1014;download-and-install;
https://support.mozilla.org/questions/1275728,firefox-710;desktop;fix-problems;windows-10;
https://support.mozilla.org/questions/1275729,firefox-710;other;desktop;windows-10;
https://support.mozilla.org/questions/1275732,firefox-710;other;desktop;windows-10;
https://support.mozilla.org/questions/1275736,firefox-710;other;desktop;windows-10;
https://support.mozilla.org/questions/1275738,firefox-710;customize;desktop;mac-os;
https://support.mozilla.org/questions/1275739,firefox-710;desktop;fix-problems;linux;
https://support.mozilla.org/questions/1275740,privacy-and-security_1;firefox-710;desktop;mac-os;
https://support.mozilla.org/questions/1275742,firefox-710;other;desktop;windows-10;
https://support.mozilla.org/questions/1275743,firefox-710;desktop;fix-problems;windows-10;
https://support.mozilla.org/questions/1275746,firefox-710;customize;desktop;windows-10;
https://support.mozilla.org/questions/1275749,firefox-710;other;desktop;
https://support.mozilla.org/questions/1275752,firefox-710;other;desktop;windows-7;
https://support.mozilla.org/questions/1275753,firefox-710;desktop;fix-problems;windows-10;
https://support.mozilla.org/questions/1275757,download-and-install_1;firefox-710;desktop;windows-10;
https://support.mozilla.org/questions/1275758,firefox-710;desktop;fix-problems;windows-10;
https://support.mozilla.org/questions/1275760,firefox-710;customize;desktop;windows-10;
https://support.mozilla.org/questions/1275761,bookmarks;firefox-710;desktop;windows-10;
https://support.mozilla.org/questions/1275764,desktop;fix-problems;
https://support.mozilla.org/questions/1275767,firefox-710;customize;desktop;windows-7;
https://support.mozilla.org/questions/1275768,firefox-540;other;mobile;android;malware;escalate;
https://support.mozilla.org/questions/1275770,firefox-710;other;desktop;windows-10;
https://support.mozilla.org/questions/1275777,download-and-install_1;desktop;
https://support.mozilla.org/questions/1275781,desktop;fix-problems;
https://support.mozilla.org/questions/1275782,download-and-install_1;firefox-710;desktop;needsinfo;
https://support.mozilla.org/questions/1275784,other;desktop;linux;
https://support.mozilla.org/questions/1275786,
https://support.mozilla.org/questions/1275789,firefox-710;other;desktop;windows-7;
https://support.mozilla.org/questions/1275790,firefox-710;other;desktop;windows-10;
https://support.mozilla.org/questions/1275793,firefox-710;desktop;fix-problems;windows-10;
https://support.mozilla.org/questions/1275794,firefox-710;customize;desktop;windows-7;
https://support.mozilla.org/questions/1275796,bookmarks;firefox-710;desktop;windows-7;
https://support.mozilla.org/questions/1275798,firefox-710;other;desktop;windows-7;
https://support.mozilla.org/questions/1275800,bookmarks;firefox-710;desktop;windows-10;
https://support.mozilla.org/questions/1275805,firefox-710;other;desktop;windows-10;
https://support.mozilla.org/questions/1275806,firefox-710;other;desktop;windows-10;
https://support.mozilla.org/questions/1275812,firefox-710;other;desktop;windows-7;
https://support.mozilla.org/questions/1275814,firefox-710;other;desktop;linux;
https://support.mozilla.org/questions/1275819,firefox-710;customize;desktop;linux;
https://support.mozilla.org/questions/1275820,privacy-and-security_1;firefox-710;desktop;windows-10;
https://support.mozilla.org/questions/1275824,firefox-710;desktop;fix-problems;windows-10;
https://support.mozilla.org/questions/1275826,firefox-710;sync;desktop;windows-10;
https://support.mozilla.org/questions/1275830,firefox-710;websites;desktop;mac-os;
https://support.mozilla.org/questions/1275832,firefox-710;desktop;fix-problems;windows-10;
https://support.mozilla.org/questions/1275833,firefox-680;other;desktop;windows-7;
https://support.mozilla.org/questions/1275834,firefox-710;desktop;fix-problems;windows-10;
https://support.mozilla.org/questions/1275836,firefox-710;customize;desktop;windows-10;
https://support.mozilla.org/questions/1275837,firefox-710;other;desktop;mac-os;
https://support.mozilla.org/questions/1275840,bookmarks;firefox-710;desktop;windows-10;
https://support.mozilla.org/questions/1275841,firefox-710;websites;desktop;windows-10;
https://support.mozilla.org/questions/1275844,firefox-710;sync;desktop;windows-7;
https://support.mozilla.org/questions/1275847,firefox-710;other;desktop;windows-10;
https://support.mozilla.org/questions/1275848,firefox-670;desktop;fix-problems;windows-10;
https://support.mozilla.org/questions/1275850,download-and-install_1;desktop;
https://support.mozilla.org/questions/1275852,bookmarks;firefox-710;desktop;
https://support.mozilla.org/questions/1275853,tips;firefox-710;desktop;windows-10;
https://support.mozilla.org/questions/1275857,firefox-710;desktop;fix-problems;windows-7;escalate;syncerr;sync;
https://support.mozilla.org/questions/1275858,download-and-install_1;firefox-710;desktop;windows-7;
https://support.mozilla.org/questions/1275860,firefox-710;other;desktop;mac-os;
https://support.mozilla.org/questions/1275862,firefox-710;other;desktop;linux;
https://support.mozilla.org/questions/1275864,firefox-710;other;desktop;
https://support.mozilla.org/questions/1275865,firefox-710;other;desktop;windows-10;
https://support.mozilla.org/questions/1275867,firefox-710;websites;desktop;windows-7;
https://support.mozilla.org/questions/1275872,privacy-and-security_1;firefox-710;desktop;windows-10;
https://support.mozilla.org/questions/1275873,firefox-710;other;desktop;windows-10;
https://support.mozilla.org/questions/1275879,firefox-710;desktop;fix-problems;
https://support.mozilla.org/questions/1275880,bookmarks;firefox-710;desktop;windows-7;
https://support.mozilla.org/questions/1275882,firefox-710;websites;desktop;windows-10;
https://support.mozilla.org/questions/1275883,desktop;fix-problems;
https://support.mozilla.org/questions/1275885,firefox-710;sync;desktop;windows-10;
https://support.mozilla.org/questions/1275886,bookmarks;firefox-710;desktop;windows-10;
https://support.mozilla.org/questions/1275896,desktop;fix-problems;windows-10;
https://support.mozilla.org/questions/1275897,firefox-710;customize;desktop;linux;
https://support.mozilla.org/questions/1275900,firefox-710;other;desktop;windows-7;
https://support.mozilla.org/questions/1275901,privacy-and-security_1;firefox-710;desktop;windows-10;
https://support.mozilla.org/questions/1275902,download-and-install_1;desktop;
https://support.mozilla.org/questions/1275914,tips;firefox-710;desktop;windows-10;
https://support.mozilla.org/questions/1275915,tabs;firefox-710;desktop;mac-os-x-109;
https://support.mozilla.org/questions/1275916,firefox-520;other;desktop;windows-10;
https://support.mozilla.org/questions/1275918,firefox-710;websites;desktop;windows-7;
https://support.mozilla.org/questions/1275920,firefox-710;other;desktop;windows-10;
https://support.mozilla.org/questions/1275926,tips;firefox-710;desktop;windows-7;
https://support.mozilla.org/questions/1275928,tabs;firefox-710;desktop;windows-7;
https://support.mozilla.org/questions/1275930,firefox-710;other;desktop;windows-10;
https://support.mozilla.org/questions/1275932,firefox-710;other;desktop;mac-os;
https://support.mozilla.org/questions/1275933,download-and-install_1;firefox-710;desktop;windows-10;
https://support.mozilla.org/questions/1275936,firefox-710;customize;desktop;
https://support.mozilla.org/questions/1275937,firefox-710;other;desktop;windows-81;
https://support.mozilla.org/questions/1275938,firefox-710;websites;desktop;windows-10;
https://support.mozilla.org/questions/1275941,bookmarks;firefox-710;desktop;windows-10;
https://support.mozilla.org/questions/1275943,other;desktop;
https://support.mozilla.org/questions/1275948,download-and-install_1;firefox-710;desktop;linux;
https://support.mozilla.org/questions/1275951,firefox-710;other;desktop;windows-10;
https://support.mozilla.org/questions/1275954,firefox-710;sync;desktop;windows-10;
https://support.mozilla.org/questions/1275955,customize;desktop;
https://support.mozilla.org/questions/1275956,sync;desktop;
https://support.mozilla.org/questions/1275962,firefox-710;websites;desktop;linux;
https://support.mozilla.org/questions/1275963,other;desktop;windows-7;
https://support.mozilla.org/questions/1275964,beta;firefox-720;desktop;fix-problems;
https://support.mozilla.org/questions/1275966,firefox-710;other;desktop;windows-10;
https://support.mozilla.org/questions/1275969,firefox-710;websites;desktop;windows-10;
https://support.mozilla.org/questions/1275973,
https://support.mozilla.org/questions/1275974,firefox-710;other;desktop;linux;
https://support.mozilla.org/questions/1275976,firefox-710;sync;desktop;windows-10;
https://support.mozilla.org/questions/1275977,firefox-710;desktop;fix-problems;mac-os;
https://support.mozilla.org/questions/1275978,websites;desktop;
https://support.mozilla.org/questions/1275981,firefox-710;other;desktop;windows-10;
https://support.mozilla.org/questions/1275982,firefox-710;desktop;fix-problems;windows-10;
https://support.mozilla.org/questions/1275987,firefox-710;other;desktop;
https://support.mozilla.org/questions/1275989,tips;firefox-710;desktop;linux;
https://support.mozilla.org/questions/1275990,privacy-and-security_1;firefox-710;desktop;windows-10;needsinfo;
https://support.mozilla.org/questions/1275991,firefox-710;other;desktop;windows-7;
https://support.mozilla.org/questions/1275993,firefox-660;tips;desktop;mac-os;
https://support.mozilla.org/questions/1275994,firefox-660;other;desktop;mac-os;
https://support.mozilla.org/questions/1275998,download-and-install_1;firefox-710;desktop;windows-10;
https://support.mozilla.org/questions/1276002,firefox-710;other;desktop;windows-10;
https://support.mozilla.org/questions/1276004,privacy-and-security_1;firefox-710;desktop;mac-os;
https://support.mozilla.org/questions/1276006,download-and-install_1;firefox-710;desktop;windows-10;
https://support.mozilla.org/questions/1276007,privacy-and-security_1;firefox-710;desktop;windows-10;needsinfo;
https://support.mozilla.org/questions/1276012,firefox-710;other;desktop;windows-10;
https://support.mozilla.org/questions/1276015,firefox-710;other;desktop;windows-7;
https://support.mozilla.org/questions/1276016,privacy-and-security_1;firefox-710;desktop;mac-os;
https://support.mozilla.org/questions/1276017,firefox-710;websites;desktop;windows-10;
https://support.mozilla.org/questions/1276021,privacy-and-security_1;firefox-710;desktop;windows-10;
https://support.mozilla.org/questions/1276022,firefox-710;other;desktop;windows-7;
https://support.mozilla.org/questions/1276023,privacy-and-security_1;firefox-560;desktop;
https://support.mozilla.org/questions/1276024,download-and-install_1;firefox-710;desktop;mac-os;
https://support.mozilla.org/questions/1276025,tips;firefox-710;desktop;windows-7;
https://support.mozilla.org/questions/1276026,firefox-710;customize;desktop;windows-10;
https://support.mozilla.org/questions/1276029,firefox-400;desktop;fix-problems;
https://support.mozilla.org/questions/1276030,firefox-710;customize;desktop;windows-7;
https://support.mozilla.org/questions/1276033,tabs;firefox-710;desktop;mac-os;
https://support.mozilla.org/questions/1276034,other;desktop;
https://support.mozilla.org/questions/1276035,firefox-710;other;desktop;windows-10;
https://support.mozilla.org/questions/1276037,other;desktop;windows-10;
https://support.mozilla.org/questions/1276049,firefox-710;desktop;fix-problems;windows-10;
https://support.mozilla.org/questions/1276050,bookmarks;firefox-710;desktop;
https://support.mozilla.org/questions/1276053,firefox-710;other;desktop;windows-7;
https://support.mozilla.org/questions/1276054,privacy-and-security_1;firefox-710;desktop;windows-10;
https://support.mozilla.org/questions/1276056,firefox-710;customize;desktop;windows-10;
https://support.mozilla.org/questions/1276058,other;desktop;windows-10;feature-request_1;add-on;
https://support.mozilla.org/questions/1276061,firefox-710;other;desktop;mac-os;
https://support.mozilla.org/questions/1276063,firefox-710;other;desktop;mac-os;
https://support.mozilla.org/questions/1276065,tips;firefox-710;desktop;windows-10;
https://support.mozilla.org/questions/1276067,firefox-710;customize;desktop;windows-10;
https://support.mozilla.org/questions/1276069,download-and-install_1;firefox-710;desktop;windows-10;
https://support.mozilla.org/questions/1276071,bookmarks;firefox-570;desktop;mac-os;
https://support.mozilla.org/questions/1276072,firefox-710;other;desktop;windows-10;
https://support.mozilla.org/questions/1276074,download-and-install_1;desktop;windows-10;
https://support.mozilla.org/questions/1276076,firefox-710;websites;desktop;windows-10;
https://support.mozilla.org/questions/1276079,bookmarks;firefox-710;desktop;windows-10;
https://support.mozilla.org/questions/1276080,tabs;firefox-710;desktop;windows-10;
https://support.mozilla.org/questions/1276081,privacy-and-security_1;firefox-710;desktop;windows-10;
https://support.mozilla.org/questions/1276083,sync;desktop;needsinfo;
https://support.mozilla.org/questions/1276084,other;desktop;
https://support.mozilla.org/questions/1276087,firefox-710;other;desktop;mac-os;
https://support.mozilla.org/questions/1276088,firefox-710;desktop;fix-problems;windows-10;
https://support.mozilla.org/questions/1276091,tabs;firefox-700;firefox-7001;desktop;windows-10;
https://support.mozilla.org/questions/1276094,firefox-710;websites;desktop;windows-7;
https://support.mozilla.org/questions/1276095,firefox-710;other;desktop;windows-10;
https://support.mozilla.org/questions/1276098,websites;firefox-700;desktop;
https://support.mozilla.org/questions/1276099,firefox-710;other;desktop;mac-os;
https://support.mozilla.org/questions/1276100,download-and-install_1;firefox-680;desktop;
https://support.mozilla.org/questions/1276103,firefox-710;other;desktop;mac-os;
https://support.mozilla.org/questions/1276105,firefox-520;desktop;fix-problems;windows-10;
https://support.mozilla.org/questions/1276114,firefox-710;desktop;fix-problems;windows-10;
https://support.mozilla.org/questions/1276115,other;desktop;windows-10;
https://support.mozilla.org/questions/1276117,privacy-and-security_1;firefox-710;desktop;windows-10;
https://support.mozilla.org/questions/1276119,firefox-710;desktop;fix-problems;windows-10;
https://support.mozilla.org/questions/1276120,firefox-710;other;desktop;windows-10;
https://support.mozilla.org/questions/1276122,firefox-710;sync;desktop;
https://support.mozilla.org/questions/1276124,firefox-710;other;desktop;windows-7;
https://support.mozilla.org/questions/1276125,firefox-710;desktop;fix-problems;windows-10;bug_1;escalate;
https://support.mozilla.org/questions/1276126,firefox-710;desktop;fix-problems;windows-10;
https://support.mozilla.org/questions/1276128,firefox-710;other;desktop;windows-10;
https://support.mozilla.org/questions/1276129,firefox-710;desktop;fix-problems;mac-os;
https://support.mozilla.org/questions/1276131,firefox-710;desktop;fix-problems;mac-os;
https://support.mozilla.org/questions/1276132,download-and-install_1;firefox-710;desktop;mac-os;
https://support.mozilla.org/questions/1276133,firefox-710;desktop;fix-problems;windows-10;
https://support.mozilla.org/questions/1276134,desktop;fix-problems;windows-10;
https://support.mozilla.org/questions/1276136,firefox-710;other;desktop;windows-10;javascript;
https://support.mozilla.org/questions/1276141,firefox-710;other;desktop;windows-10;
https://support.mozilla.org/questions/1276145,firefox-710;desktop;fix-problems;windows-10;
https://support.mozilla.org/questions/1276146,firefox-710;other;desktop;windows-10;
https://support.mozilla.org/questions/1276147,firefox-710;other;desktop;
https://support.mozilla.org/questions/1276148,bookmarks;firefox-710;desktop;windows-10;
https://support.mozilla.org/questions/1276149,bookmarks;firefox-710;desktop;windows-7;
https://support.mozilla.org/questions/1276152,other;desktop;
https://support.mozilla.org/questions/1276154,download-and-install_1;firefox-700;firefox-7001;desktop;windows-10;
